Order ID,Order Date,Month,Customer ID,Region,Channel,Category,Product,Quantity,Unit Price,Unit Cost,Discount,Revenue,Cost,Profit,Rating,Returned
ORD-00061,2024-01-01,2024-01,CUS-0372,North West,Marketplace,Books,Business Intelligence Guide,2,35.43,12,0,70.86,24,46.86,5,No
ORD-00843,2024-01-01,2024-01,CUS-0442,Wales,Store,Electronics,Bluetooth Speaker,5,62.99,34,0.05,299.2,170,129.2,5,No
ORD-01396,2024-01-02,2024-01,CUS-0049,North East,Online,Home,Air Fryer,2,125.9,69,0.15,214.03,138,76.03,3.8,No
ORD-01641,2024-01-03,2024-01,CUS-0373,Wales,Online,Electronics,Smart Watch,1,164.23,92,0.1,147.81,92,55.81,3.5,No
ORD-00351,2024-01-03,2024-01,CUS-0042,Scotland,Online,Books,Data Analytics Handbook,4,40.61,14,0.15,138.07,56,82.07,4.3,No
ORD-00066,2024-01-04,2024-01,CUS-0122,Wales,Marketplace,Sports,Running Shoes,3,79.56,38,0.1,214.81,114,100.81,4.1,No
ORD-00211,2024-01-04,2024-01,CUS-0595,Midlands,Store,Home,Coffee Maker,2,71.88,41,0,143.76,82,61.76,4.4,No
ORD-00949,2024-01-06,2024-01,CUS-0257,North East,Store,Beauty,Hair Dryer,4,61.65,29,0.05,234.27,116,118.27,5,No
ORD-01390,2024-01-06,2024-01,CUS-0391,North West,Online,Books,Business Intelligence Guide,1,35.16,12,0.1,31.64,12,19.64,5,Yes
ORD-01564,2024-01-06,2024-01,CUS-0191,North West,Marketplace,Sports,Running Shoes,2,76.83,38,0.15,130.61,76,54.61,4.7,No
ORD-00304,2024-01-06,2024-01,CUS-0365,Wales,Online,Home,Coffee Maker,5,78.12,41,0.05,371.07,205,166.07,3.3,No
ORD-01526,2024-01-07,2024-01,CUS-0109,Wales,Online,Electronics,Smart Watch,2,162.19,92,0,324.38,184,140.38,3.9,No
ORD-01406,2024-01-08,2024-01,CUS-0593,London,Marketplace,Electronics,Smart Watch,3,167.71,92,0.1,452.82,276,176.82,3.9,No
ORD-00184,2024-01-08,2024-01,CUS-0052,North West,Store,Fashion,Classic Trainers,5,69.19,32,0,345.95,160,185.95,4.2,No
ORD-00681,2024-01-08,2024-01,CUS-0493,Wales,Marketplace,Sports,Running Shoes,4,79.19,38,0.05,300.92,152,148.92,3.9,No
ORD-00467,2024-01-09,2024-01,CUS-0103,Scotland,Online,Fashion,Winter Jacket,3,98.31,46,0.1,265.44,138,127.44,3.5,No
ORD-01692,2024-01-10,2024-01,CUS-0420,London,Store,Sports,Yoga Mat,2,31.19,12,0,62.38,24,38.38,3.5,Yes
ORD-00683,2024-01-10,2024-01,CUS-0322,South East,Online,Sports,Fitness Tracker,3,57.16,27,0.15,145.76,81,64.76,4.7,Yes
ORD-01795,2024-01-10,2024-01,CUS-0244,North West,Marketplace,Sports,Yoga Mat,2,28.51,12,0.1,51.32,24,27.32,4.8,No
ORD-01404,2024-01-11,2024-01,CUS-0207,Midlands,Store,Books,Data Analytics Handbook,4,41.18,14,0,164.72,56,108.72,4.2,No
ORD-00932,2024-01-11,2024-01,CUS-0529,Wales,Store,Sports,Fitness Tracker,1,55.35,27,0.1,49.82,27,22.82,3.5,No
ORD-01028,2024-01-11,2024-01,CUS-0339,Wales,Online,Electronics,Smart Watch,2,152.01,92,0.2,243.22,184,59.22,3.5,No
ORD-00194,2024-01-12,2024-01,CUS-0293,Midlands,Store,Fashion,Classic Trainers,5,69.53,32,0.1,312.89,160,152.89,4.3,Yes
ORD-00432,2024-01-12,2024-01,CUS-0420,London,Online,Electronics,Smart Watch,3,159.61,92,0,478.83,276,202.83,3.2,No
ORD-00610,2024-01-12,2024-01,CUS-0560,South West,Online,Sports,Yoga Mat,3,28.9,12,0.15,73.69,36,37.69,5,Yes
ORD-00698,2024-01-12,2024-01,CUS-0567,Midlands,Store,Fashion,Classic Trainers,3,69.37,32,0.15,176.89,96,80.89,4.2,No
ORD-00886,2024-01-12,2024-01,CUS-0133,South West,Online,Sports,Fitness Tracker,2,54.97,27,0.15,93.45,54,39.45,5,Yes
ORD-01317,2024-01-13,2024-01,CUS-0176,London,Store,Beauty,Skin Care Set,4,45.68,18,0.05,173.58,72,101.58,5,No
ORD-01141,2024-01-13,2024-01,CUS-0472,Wales,Online,Books,Data Analytics Handbook,3,38.75,14,0.15,98.81,42,56.81,3.2,No
ORD-01427,2024-01-13,2024-01,CUS-0169,Wales,Online,Beauty,Hair Dryer,3,57.52,29,0,172.56,87,85.56,4.8,No
ORD-01474,2024-01-13,2024-01,CUS-0065,Scotland,Marketplace,Sports,Fitness Tracker,4,56.35,27,0,225.4,108,117.4,4.1,No
ORD-01492,2024-01-14,2024-01,CUS-0358,North East,Marketplace,Electronics,Smart Watch,3,154.61,92,0,463.83,276,187.83,5,No
ORD-00100,2024-01-14,2024-01,CUS-0364,Midlands,Store,Beauty,Skin Care Set,4,46.22,18,0,184.88,72,112.88,3.5,No
ORD-00721,2024-01-14,2024-01,CUS-0438,North East,Marketplace,Beauty,Skin Care Set,1,42.92,18,0.1,38.63,18,20.63,4.6,No
ORD-01446,2024-01-14,2024-01,CUS-0486,Scotland,Store,Home,Coffee Maker,5,71.69,41,0,358.45,205,153.45,4.2,No
ORD-00313,2024-01-14,2024-01,CUS-0452,Scotland,Online,Beauty,Skin Care Set,5,46.99,18,0,234.95,90,144.95,5,No
ORD-00995,2024-01-15,2024-01,CUS-0281,South West,Store,Electronics,Bluetooth Speaker,2,63.12,34,0,126.24,68,58.24,3.5,No
ORD-01484,2024-01-15,2024-01,CUS-0359,Midlands,Store,Beauty,Hair Dryer,5,57.7,29,0,288.5,145,143.5,3.8,No
ORD-01569,2024-01-15,2024-01,CUS-0036,North East,Online,Electronics,Wireless Headphones,1,85.85,48,0.2,68.68,48,20.68,5,No
ORD-00395,2024-01-15,2024-01,CUS-0154,Scotland,Marketplace,Home,Desk Lamp,4,34.59,17,0.05,131.44,68,63.44,3.8,No
ORD-00362,2024-01-15,2024-01,CUS-0152,North East,Online,Sports,Yoga Mat,2,29.21,12,0,58.42,24,34.42,3.9,No
ORD-01359,2024-01-16,2024-01,CUS-0050,North East,Marketplace,Sports,Fitness Tracker,5,57.61,27,0.05,273.65,135,138.65,5,No
ORD-00858,2024-01-18,2024-01,CUS-0263,South East,Marketplace,Home,Desk Lamp,2,33.8,17,0.05,64.22,34,30.22,4.5,No
ORD-01158,2024-01-18,2024-01,CUS-0184,South West,Marketplace,Home,Desk Lamp,3,33.41,17,0,100.23,51,49.23,3.8,No
ORD-01636,2024-01-19,2024-01,CUS-0255,North East,Marketplace,Sports,Fitness Tracker,3,53.64,27,0.15,136.78,81,55.78,4.6,No
ORD-00514,2024-01-19,2024-01,CUS-0034,North West,Store,Electronics,Wireless Headphones,5,86.34,48,0,431.7,240,191.7,4.7,No
ORD-00574,2024-01-20,2024-01,CUS-0246,South East,Online,Home,Desk Lamp,1,34.3,17,0.15,29.15,17,12.15,4.9,No
ORD-01643,2024-01-20,2024-01,CUS-0030,Wales,Online,Books,Data Analytics Handbook,4,41.1,14,0,164.4,56,108.4,4.8,No
ORD-01527,2024-01-20,2024-01,CUS-0394,North West,Online,Books,Data Analytics Handbook,4,39.08,14,0,156.32,56,100.32,4.8,No
ORD-00244,2024-01-21,2024-01,CUS-0515,Midlands,Marketplace,Electronics,Bluetooth Speaker,4,64.05,34,0.15,217.77,136,81.77,4.5,No
ORD-01739,2024-01-21,2024-01,CUS-0065,Wales,Marketplace,Books,Data Analytics Handbook,5,41.49,14,0,207.45,70,137.45,3.6,No
ORD-01052,2024-01-21,2024-01,CUS-0601,Wales,Store,Home,Desk Lamp,3,36.5,17,0.2,87.6,51,36.6,4.9,No
ORD-00415,2024-01-21,2024-01,CUS-0158,South East,Marketplace,Home,Desk Lamp,4,35.06,17,0.2,112.19,68,44.19,4.5,Yes
ORD-00443,2024-01-22,2024-01,CUS-0103,North East,Marketplace,Sports,Running Shoes,3,81.77,38,0.15,208.51,114,94.51,4.5,No
ORD-01457,2024-01-22,2024-01,CUS-0493,South West,Marketplace,Books,Data Analytics Handbook,4,38.94,14,0,155.76,56,99.76,4.7,No
ORD-01342,2024-01-22,2024-01,CUS-0053,Wales,Marketplace,Sports,Yoga Mat,2,30.86,12,0.2,49.38,24,25.38,4.1,No
ORD-00627,2024-01-22,2024-01,CUS-0083,Scotland,Marketplace,Home,Air Fryer,4,121.13,69,0,484.52,276,208.52,3.3,No
ORD-00633,2024-01-22,2024-01,CUS-0391,South West,Online,Home,Coffee Maker,1,72.39,41,0,72.39,41,31.39,4.7,No
ORD-00376,2024-01-23,2024-01,CUS-0614,North East,Online,Sports,Yoga Mat,1,28.75,12,0.05,27.31,12,15.31,4.8,No
ORD-00383,2024-01-23,2024-01,CUS-0285,South West,Marketplace,Sports,Fitness Tracker,2,55.01,27,0,110.02,54,56.02,5,No
ORD-01623,2024-01-23,2024-01,CUS-0050,North West,Store,Sports,Yoga Mat,1,28.61,12,0.1,25.75,12,13.75,3.3,No
ORD-00426,2024-01-24,2024-01,CUS-0342,South West,Marketplace,Electronics,Wireless Headphones,4,86.47,48,0.05,328.59,192,136.59,5,No
ORD-00001,2024-01-24,2024-01,CUS-0013,Wales,Store,Books,Business Intelligence Guide,3,35,12,0.1,94.5,36,58.5,3.9,No
ORD-00696,2024-01-24,2024-01,CUS-0440,North East,Online,Sports,Running Shoes,5,79.71,38,0.05,378.62,190,188.62,4,No
ORD-01538,2024-01-24,2024-01,CUS-0065,South East,Online,Books,Business Intelligence Guide,2,34.56,12,0,69.12,24,45.12,4.7,Yes
ORD-00940,2024-01-25,2024-01,CUS-0508,Midlands,Store,Sports,Yoga Mat,5,31.34,12,0.2,125.36,60,65.36,4.3,No
ORD-01388,2024-01-25,2024-01,CUS-0303,Wales,Marketplace,Books,Data Analytics Handbook,1,38.06,14,0.15,32.35,14,18.35,4.7,No
ORD-00472,2024-01-25,2024-01,CUS-0444,Midlands,Marketplace,Fashion,Classic Trainers,2,72.89,32,0,145.78,64,81.78,3.4,No
ORD-00916,2024-01-26,2024-01,CUS-0091,Midlands,Marketplace,Electronics,Wireless Headphones,2,87.72,48,0.15,149.12,96,53.12,4.3,No
ORD-00771,2024-01-26,2024-01,CUS-0075,North East,Online,Sports,Fitness Tracker,2,52.46,27,0,104.92,54,50.92,4.1,No
ORD-00429,2024-01-26,2024-01,CUS-0481,South West,Store,Beauty,Hair Dryer,1,59.35,29,0.2,47.48,29,18.48,4.6,Yes
ORD-01002,2024-01-26,2024-01,CUS-0274,South West,Online,Electronics,Bluetooth Speaker,1,63.83,34,0.05,60.64,34,26.64,3.5,No
ORD-01616,2024-01-27,2024-01,CUS-0064,South West,Online,Electronics,Wireless Headphones,1,89.79,48,0.1,80.81,48,32.81,5,No
ORD-01207,2024-01-27,2024-01,CUS-0031,North West,Marketplace,Home,Air Fryer,3,122.3,69,0,366.9,207,159.9,3.6,No
ORD-00906,2024-01-29,2024-01,CUS-0380,Midlands,Store,Fashion,Backpack,1,49.31,21,0,49.31,21,28.31,3.4,No
ORD-01061,2024-01-30,2024-01,CUS-0440,North East,Online,Home,Coffee Maker,1,76.28,41,0.05,72.47,41,31.47,4.2,No
ORD-00663,2024-01-30,2024-01,CUS-0339,Scotland,Store,Home,Coffee Maker,5,76.53,41,0.2,306.12,205,101.12,4.9,No
ORD-01038,2024-01-30,2024-01,CUS-0364,London,Online,Beauty,Hair Dryer,2,58.09,29,0.15,98.75,58,40.75,4.7,No
ORD-00895,2024-01-30,2024-01,CUS-0441,North East,Marketplace,Sports,Running Shoes,1,78.2,38,0.2,62.56,38,24.56,4.4,Yes
ORD-00545,2024-01-30,2024-01,CUS-0284,Wales,Online,Fashion,Classic Trainers,1,69.79,32,0.15,59.32,32,27.32,4.8,No
ORD-00489,2024-01-30,2024-01,CUS-0565,London,Marketplace,Electronics,Wireless Headphones,3,85.62,48,0,256.86,144,112.86,3.8,Yes
ORD-00279,2024-01-31,2024-01,CUS-0614,North West,Marketplace,Home,Desk Lamp,2,34.48,17,0,68.96,34,34.96,4.3,No
ORD-00740,2024-01-31,2024-01,CUS-0555,London,Marketplace,Books,Data Analytics Handbook,5,38.46,14,0.1,173.07,70,103.07,4.7,No
ORD-01749,2024-01-31,2024-01,CUS-0238,South West,Online,Beauty,Skin Care Set,1,44.91,18,0,44.91,18,26.91,3.2,Yes
ORD-01744,2024-02-01,2024-02,CUS-0157,North East,Online,Electronics,Smart Watch,5,152.19,92,0.1,684.86,460,224.86,4.6,No
ORD-01476,2024-02-01,2024-02,CUS-0237,Midlands,Store,Sports,Fitness Tracker,3,53.14,27,0.1,143.48,81,62.48,4.6,No
ORD-00105,2024-02-01,2024-02,CUS-0484,South East,Online,Electronics,Smart Watch,5,165.45,92,0,827.25,460,367.25,3.8,No
ORD-00596,2024-02-02,2024-02,CUS-0111,North East,Store,Books,Business Intelligence Guide,2,35.91,12,0.2,57.46,24,33.46,4.2,No
ORD-00648,2024-02-02,2024-02,CUS-0416,Wales,Online,Books,Business Intelligence Guide,4,34.35,12,0.15,116.79,48,68.79,4.5,No
ORD-01316,2024-02-02,2024-02,CUS-0450,North East,Marketplace,Sports,Running Shoes,5,77.57,38,0.15,329.67,190,139.67,4.7,No
ORD-01579,2024-02-03,2024-02,CUS-0505,South West,Online,Electronics,Bluetooth Speaker,1,62.54,34,0,62.54,34,28.54,3.6,No
ORD-01011,2024-02-04,2024-02,CUS-0176,South East,Marketplace,Fashion,Classic Trainers,4,71.04,32,0,284.16,128,156.16,3.7,No
ORD-00139,2024-02-04,2024-02,CUS-0218,Scotland,Marketplace,Home,Desk Lamp,1,35.3,17,0,35.3,17,18.3,4.8,No
ORD-01116,2024-02-04,2024-02,CUS-0227,South East,Store,Beauty,Hair Dryer,3,59.11,29,0,177.33,87,90.33,3.4,No
ORD-01041,2024-02-05,2024-02,CUS-0035,Wales,Online,Books,Data Analytics Handbook,4,39.31,14,0.05,149.38,56,93.38,4.3,No
ORD-00454,2024-02-05,2024-02,CUS-0591,South West,Marketplace,Beauty,Skin Care Set,1,46.95,18,0,46.95,18,28.95,3.6,No
ORD-00562,2024-02-05,2024-02,CUS-0128,North West,Marketplace,Beauty,Skin Care Set,4,47.03,18,0,188.12,72,116.12,3.7,No
ORD-01639,2024-02-05,2024-02,CUS-0424,South West,Online,Electronics,Wireless Headphones,5,93.89,48,0,469.45,240,229.45,5,No
ORD-01307,2024-02-05,2024-02,CUS-0075,Wales,Store,Home,Coffee Maker,5,72.2,41,0,361,205,156,4.1,Yes
ORD-00520,2024-02-05,2024-02,CUS-0440,Wales,Marketplace,Fashion,Classic Trainers,1,68.63,32,0.1,61.77,32,29.77,4,No
ORD-00445,2024-02-05,2024-02,CUS-0602,Scotland,Online,Sports,Running Shoes,4,79.52,38,0.2,254.46,152,102.46,5,No
ORD-01776,2024-02-06,2024-02,CUS-0549,North East,Store,Electronics,Wireless Headphones,3,87.63,48,0.15,223.46,144,79.46,4,No
ORD-01026,2024-02-06,2024-02,CUS-0357,London,Online,Sports,Fitness Tracker,1,57.22,27,0.1,51.5,27,24.5,4.6,No
ORD-00291,2024-02-06,2024-02,CUS-0296,South West,Store,Electronics,Smart Watch,1,158.29,92,0,158.29,92,66.29,3.4,No
ORD-01047,2024-02-07,2024-02,CUS-0090,Midlands,Online,Home,Coffee Maker,3,77.57,41,0.05,221.07,123,98.07,5,Yes
ORD-00934,2024-02-07,2024-02,CUS-0429,Wales,Online,Fashion,Classic Trainers,3,66.88,32,0,200.64,96,104.64,3.9,No
ORD-00028,2024-02-07,2024-02,CUS-0226,Wales,Store,Fashion,Winter Jacket,2,94.3,46,0,188.6,92,96.6,4.3,Yes
ORD-01762,2024-02-07,2024-02,CUS-0513,Midlands,Marketplace,Home,Air Fryer,5,124.19,69,0.1,558.86,345,213.86,3.3,No
ORD-01249,2024-02-07,2024-02,CUS-0294,Midlands,Store,Sports,Fitness Tracker,1,57.58,27,0.15,48.94,27,21.94,5,No
ORD-00954,2024-02-07,2024-02,CUS-0411,Midlands,Store,Electronics,Bluetooth Speaker,4,67.17,34,0.15,228.38,136,92.38,3.6,No
ORD-00003,2024-02-07,2024-02,CUS-0441,South East,Online,Sports,Fitness Tracker,4,52.53,27,0.2,168.1,108,60.1,4.6,No
ORD-01465,2024-02-08,2024-02,CUS-0252,North East,Marketplace,Beauty,Skin Care Set,1,45.39,18,0.15,38.58,18,20.58,4.3,No
ORD-01001,2024-02-08,2024-02,CUS-0586,Midlands,Store,Sports,Yoga Mat,1,29.47,12,0.05,28,12,16,3.5,No
ORD-00327,2024-02-08,2024-02,CUS-0325,Wales,Online,Electronics,Bluetooth Speaker,2,61.96,34,0.15,105.33,68,37.33,3.6,No
ORD-01510,2024-02-08,2024-02,CUS-0195,London,Online,Electronics,Bluetooth Speaker,4,65.47,34,0.2,209.5,136,73.5,4,No
ORD-00547,2024-02-08,2024-02,CUS-0400,North West,Online,Sports,Yoga Mat,1,28.56,12,0.1,25.7,12,13.7,3.7,No
ORD-00241,2024-02-09,2024-02,CUS-0578,North East,Online,Home,Coffee Maker,1,73.27,41,0,73.27,41,32.27,3.9,No
ORD-01265,2024-02-09,2024-02,CUS-0093,North East,Marketplace,Home,Coffee Maker,4,71.37,41,0,285.48,164,121.48,4.5,No
ORD-00847,2024-02-09,2024-02,CUS-0121,North West,Store,Electronics,Wireless Headphones,5,86.86,48,0,434.3,240,194.3,4.6,No
ORD-01683,2024-02-10,2024-02,CUS-0024,London,Store,Beauty,Hair Dryer,1,61.25,29,0.15,52.06,29,23.06,3.5,No
ORD-00811,2024-02-11,2024-02,CUS-0281,London,Store,Home,Desk Lamp,2,35.28,17,0.2,56.45,34,22.45,4.1,No
ORD-00239,2024-02-12,2024-02,CUS-0419,Scotland,Store,Electronics,Wireless Headphones,1,87.27,48,0.15,74.18,48,26.18,4.6,No
ORD-01520,2024-02-12,2024-02,CUS-0425,Wales,Online,Electronics,Smart Watch,1,165.26,92,0,165.26,92,73.26,3.9,No
ORD-01584,2024-02-12,2024-02,CUS-0487,Scotland,Store,Fashion,Backpack,2,49.37,21,0,98.74,42,56.74,3.4,No
ORD-00360,2024-02-13,2024-02,CUS-0533,Scotland,Online,Electronics,Wireless Headphones,1,89.31,48,0.15,75.91,48,27.91,3.3,No
ORD-00713,2024-02-13,2024-02,CUS-0239,Midlands,Online,Electronics,Smart Watch,5,155.11,92,0.1,698,460,238,5,No
ORD-01094,2024-02-13,2024-02,CUS-0259,Scotland,Online,Home,Coffee Maker,4,74.21,41,0.15,252.31,164,88.31,3.8,No
ORD-01702,2024-02-14,2024-02,CUS-0127,Wales,Online,Sports,Fitness Tracker,5,56.76,27,0,283.8,135,148.8,3.7,No
ORD-00101,2024-02-15,2024-02,CUS-0603,Midlands,Store,Electronics,Bluetooth Speaker,4,65.89,34,0.15,224.03,136,88.03,4.9,No
ORD-00703,2024-02-15,2024-02,CUS-0223,North West,Online,Books,Business Intelligence Guide,3,35.41,12,0,106.23,36,70.23,4.4,No
ORD-01502,2024-02-16,2024-02,CUS-0189,Scotland,Online,Sports,Running Shoes,5,80.09,38,0.15,340.38,190,150.38,4.4,No
ORD-00790,2024-02-16,2024-02,CUS-0446,North East,Online,Fashion,Classic Trainers,3,69.36,32,0,208.08,96,112.08,5,No
ORD-01328,2024-02-17,2024-02,CUS-0476,London,Store,Fashion,Winter Jacket,5,96.65,46,0.05,459.09,230,229.09,4.4,No
ORD-00480,2024-02-17,2024-02,CUS-0388,Scotland,Store,Beauty,Skin Care Set,1,46.96,18,0,46.96,18,28.96,5,No
ORD-01270,2024-02-17,2024-02,CUS-0042,North East,Store,Home,Desk Lamp,3,34.15,17,0.15,87.08,51,36.08,4.2,No
ORD-01010,2024-02-18,2024-02,CUS-0122,London,Store,Home,Air Fryer,2,122.37,69,0,244.74,138,106.74,4.6,No
ORD-00503,2024-02-18,2024-02,CUS-0351,Wales,Online,Home,Coffee Maker,4,76.8,41,0,307.2,164,143.2,4.8,No
ORD-00830,2024-02-18,2024-02,CUS-0166,Scotland,Store,Home,Desk Lamp,1,35.41,17,0.15,30.1,17,13.1,4.9,No
ORD-01800,2024-02-18,2024-02,CUS-0444,London,Marketplace,Beauty,Skin Care Set,3,44.12,18,0.15,112.51,54,58.51,4.5,No
ORD-00229,2024-02-19,2024-02,CUS-0223,South East,Store,Sports,Yoga Mat,3,29.19,12,0,87.57,36,51.57,4.5,No
ORD-01627,2024-02-19,2024-02,CUS-0555,Wales,Online,Electronics,Bluetooth Speaker,4,67.25,34,0.2,215.2,136,79.2,4.9,No
ORD-01674,2024-02-20,2024-02,CUS-0508,Wales,Online,Sports,Yoga Mat,3,31.07,12,0,93.21,36,57.21,4.5,No
ORD-01096,2024-02-20,2024-02,CUS-0031,Scotland,Marketplace,Home,Coffee Maker,2,72.75,41,0,145.5,82,63.5,3.9,No
ORD-00803,2024-02-21,2024-02,CUS-0080,North West,Online,Books,Data Analytics Handbook,3,39.98,14,0,119.94,42,77.94,3.8,No
ORD-00077,2024-02-23,2024-02,CUS-0460,North West,Marketplace,Books,Data Analytics Handbook,4,40.92,14,0,163.68,56,107.68,4.2,No
ORD-00959,2024-02-23,2024-02,CUS-0082,South East,Marketplace,Electronics,Bluetooth Speaker,5,63.63,34,0.15,270.43,170,100.43,4.8,No
ORD-00684,2024-02-23,2024-02,CUS-0151,North East,Marketplace,Home,Desk Lamp,2,36.67,17,0.15,62.34,34,28.34,4.7,No
ORD-01580,2024-02-23,2024-02,CUS-0157,North East,Online,Electronics,Wireless Headphones,5,89.11,48,0,445.55,240,205.55,4.4,No
ORD-01372,2024-02-24,2024-02,CUS-0573,Scotland,Marketplace,Home,Desk Lamp,2,34.04,17,0,68.08,34,34.08,4.9,No
ORD-00656,2024-02-24,2024-02,CUS-0546,Wales,Marketplace,Home,Air Fryer,3,116.63,69,0,349.89,207,142.89,4.8,No
ORD-00873,2024-02-24,2024-02,CUS-0496,London,Marketplace,Beauty,Hair Dryer,2,58.59,29,0,117.18,58,59.18,3.9,No
ORD-00095,2024-02-25,2024-02,CUS-0081,North East,Online,Books,Data Analytics Handbook,3,39.72,14,0.2,95.33,42,53.33,4.2,No
ORD-01600,2024-02-25,2024-02,CUS-0210,Wales,Marketplace,Books,Business Intelligence Guide,5,34.04,12,0,170.2,60,110.2,5,No
ORD-00246,2024-02-25,2024-02,CUS-0069,North East,Store,Sports,Running Shoes,5,80.3,38,0,401.5,190,211.5,3.5,No
ORD-00616,2024-02-26,2024-02,CUS-0159,South West,Store,Books,Business Intelligence Guide,1,34.2,12,0.2,27.36,12,15.36,3.4,No
ORD-00050,2024-02-26,2024-02,CUS-0463,London,Marketplace,Home,Air Fryer,2,125.87,69,0.05,239.15,138,101.15,3.9,No
ORD-01485,2024-02-26,2024-02,CUS-0336,North West,Store,Home,Coffee Maker,4,78.38,41,0.15,266.49,164,102.49,4.8,No
ORD-00341,2024-02-27,2024-02,CUS-0405,Midlands,Store,Electronics,Bluetooth Speaker,3,62.01,34,0.05,176.73,102,74.73,3.9,No
ORD-00165,2024-02-27,2024-02,CUS-0522,London,Marketplace,Fashion,Backpack,4,49.91,21,0,199.64,84,115.64,3.4,No
ORD-01363,2024-02-27,2024-02,CUS-0238,Scotland,Store,Electronics,Wireless Headphones,3,87.11,48,0,261.33,144,117.33,4.5,No
ORD-01477,2024-02-28,2024-02,CUS-0204,North West,Online,Beauty,Hair Dryer,4,61.46,29,0,245.84,116,129.84,4.5,No
ORD-01469,2024-02-28,2024-02,CUS-0464,Scotland,Store,Sports,Fitness Tracker,4,53.72,27,0,214.88,108,106.88,4.5,No
ORD-01563,2024-02-28,2024-02,CUS-0605,South West,Online,Electronics,Bluetooth Speaker,3,68.22,34,0,204.66,102,102.66,3.2,No
ORD-00262,2024-02-28,2024-02,CUS-0501,North West,Marketplace,Fashion,Winter Jacket,3,95.72,46,0.2,229.73,138,91.73,4.6,No
ORD-00997,2024-02-29,2024-02,CUS-0520,Scotland,Store,Books,Business Intelligence Guide,3,34.91,12,0.1,94.26,36,58.26,5,No
ORD-01271,2024-02-29,2024-02,CUS-0217,North East,Store,Sports,Yoga Mat,3,29.98,12,0.2,71.95,36,35.95,4.5,Yes
ORD-00868,2024-03-01,2024-03,CUS-0462,Midlands,Store,Sports,Fitness Tracker,1,52.25,27,0.05,49.64,27,22.64,4.9,No
ORD-01394,2024-03-01,2024-03,CUS-0053,North West,Marketplace,Books,Business Intelligence Guide,3,35.89,12,0,107.67,36,71.67,3.4,No
ORD-01662,2024-03-02,2024-03,CUS-0497,Scotland,Online,Fashion,Backpack,4,48.11,21,0.05,182.82,84,98.82,4.6,Yes
ORD-01562,2024-03-03,2024-03,CUS-0364,North East,Online,Sports,Running Shoes,3,81.48,38,0.2,195.55,114,81.55,4.6,No
ORD-01230,2024-03-03,2024-03,CUS-0169,London,Marketplace,Electronics,Smart Watch,5,154.81,92,0.1,696.65,460,236.65,4.3,No
ORD-00394,2024-03-03,2024-03,CUS-0311,Midlands,Online,Home,Desk Lamp,4,33.46,17,0.2,107.07,68,39.07,3.5,Yes
ORD-01544,2024-03-03,2024-03,CUS-0476,Wales,Online,Books,Data Analytics Handbook,4,38,14,0.1,136.8,56,80.8,4.2,No
ORD-01532,2024-03-03,2024-03,CUS-0534,Scotland,Marketplace,Electronics,Bluetooth Speaker,4,64.64,34,0,258.56,136,122.56,5,No
ORD-01113,2024-03-04,2024-03,CUS-0355,Midlands,Store,Sports,Fitness Tracker,4,56.57,27,0,226.28,108,118.28,5,Yes
ORD-00637,2024-03-06,2024-03,CUS-0264,Midlands,Store,Home,Coffee Maker,5,76.4,41,0,382,205,177,3.3,No
ORD-00108,2024-03-06,2024-03,CUS-0375,London,Store,Home,Desk Lamp,5,36.33,17,0.05,172.57,85,87.57,4.1,No
ORD-01539,2024-03-06,2024-03,CUS-0043,North East,Marketplace,Home,Desk Lamp,4,35.29,17,0,141.16,68,73.16,3.9,Yes
ORD-00358,2024-03-06,2024-03,CUS-0575,South East,Online,Beauty,Hair Dryer,1,60.03,29,0.15,51.03,29,22.03,4.8,No
ORD-00167,2024-03-06,2024-03,CUS-0549,South West,Store,Electronics,Smart Watch,5,159.19,92,0.1,716.36,460,256.36,4.2,No
ORD-00408,2024-03-06,2024-03,CUS-0406,Scotland,Online,Electronics,Smart Watch,3,164.67,92,0,494.01,276,218.01,4.7,No
ORD-01022,2024-03-07,2024-03,CUS-0273,South East,Store,Beauty,Skin Care Set,4,44.41,18,0.05,168.76,72,96.76,5,No
ORD-01419,2024-03-07,2024-03,CUS-0097,Wales,Store,Home,Desk Lamp,4,35.24,17,0,140.96,68,72.96,3.4,No
ORD-00464,2024-03-07,2024-03,CUS-0170,Midlands,Store,Home,Desk Lamp,3,36.48,17,0,109.44,51,58.44,3.4,No
ORD-01708,2024-03-08,2024-03,CUS-0324,South East,Online,Sports,Running Shoes,2,83.74,38,0.1,150.73,76,74.73,4.4,No
ORD-01367,2024-03-08,2024-03,CUS-0129,London,Online,Beauty,Skin Care Set,3,46.29,18,0.15,118.04,54,64.04,3.4,No
ORD-01487,2024-03-08,2024-03,CUS-0312,South East,Online,Sports,Yoga Mat,2,29.29,12,0,58.58,24,34.58,3.4,No
ORD-00414,2024-03-08,2024-03,CUS-0288,Scotland,Online,Home,Coffee Maker,3,77.63,41,0.05,221.25,123,98.25,5,No
ORD-01753,2024-03-09,2024-03,CUS-0270,Midlands,Marketplace,Fashion,Backpack,3,52.32,21,0.15,133.42,63,70.42,3.6,No
ORD-01596,2024-03-11,2024-03,CUS-0182,Wales,Store,Sports,Fitness Tracker,4,57.19,27,0.15,194.45,108,86.45,3.6,No
ORD-00006,2024-03-11,2024-03,CUS-0227,North West,Store,Fashion,Winter Jacket,3,90.87,46,0,272.61,138,134.61,4.3,No
ORD-00094,2024-03-12,2024-03,CUS-0439,North East,Marketplace,Home,Air Fryer,1,119.75,69,0,119.75,69,50.75,5,No
ORD-01238,2024-03-12,2024-03,CUS-0170,Midlands,Marketplace,Sports,Fitness Tracker,2,54.95,27,0.2,87.92,54,33.92,4.1,No
ORD-01770,2024-03-13,2024-03,CUS-0523,North East,Marketplace,Electronics,Wireless Headphones,5,91.83,48,0,459.15,240,219.15,4.4,No
ORD-00943,2024-03-13,2024-03,CUS-0521,South West,Store,Sports,Running Shoes,3,79.35,38,0.05,226.15,114,112.15,4.3,No
ORD-00563,2024-03-13,2024-03,CUS-0371,Scotland,Store,Books,Data Analytics Handbook,1,39.37,14,0.05,37.4,14,23.4,3.6,No
ORD-00525,2024-03-13,2024-03,CUS-0478,Midlands,Marketplace,Electronics,Wireless Headphones,4,91.64,48,0.1,329.9,192,137.9,3.8,No
ORD-00979,2024-03-15,2024-03,CUS-0424,South West,Marketplace,Electronics,Smart Watch,5,159.17,92,0.1,716.27,460,256.27,4.7,No
ORD-00287,2024-03-15,2024-03,CUS-0217,London,Marketplace,Fashion,Winter Jacket,1,91.63,46,0.05,87.05,46,41.05,4.2,No
ORD-00702,2024-03-16,2024-03,CUS-0184,South East,Store,Home,Desk Lamp,1,33.51,17,0.1,30.16,17,13.16,4.9,Yes
ORD-01136,2024-03-16,2024-03,CUS-0178,North East,Store,Books,Business Intelligence Guide,3,35.51,12,0.15,90.55,36,54.55,4.8,No
ORD-00023,2024-03-17,2024-03,CUS-0364,London,Marketplace,Home,Air Fryer,3,120.06,69,0.1,324.16,207,117.16,5,No
ORD-01456,2024-03-18,2024-03,CUS-0548,North East,Marketplace,Fashion,Classic Trainers,4,69.94,32,0.05,265.77,128,137.77,4.6,No
ORD-00561,2024-03-19,2024-03,CUS-0365,North West,Store,Home,Air Fryer,2,115.12,69,0.1,207.22,138,69.22,4.1,No
ORD-01354,2024-03-19,2024-03,CUS-0405,South East,Store,Books,Data Analytics Handbook,5,38.46,14,0.05,182.69,70,112.69,5,No
ORD-00301,2024-03-19,2024-03,CUS-0112,Wales,Marketplace,Fashion,Backpack,2,50.04,21,0.1,90.07,42,48.07,3.2,No
ORD-00852,2024-03-20,2024-03,CUS-0032,Midlands,Store,Home,Coffee Maker,1,76.53,41,0.15,65.05,41,24.05,5,No
ORD-00052,2024-03-21,2024-03,CUS-0197,North West,Marketplace,Sports,Running Shoes,4,80.07,38,0,320.28,152,168.28,4.1,No
ORD-00967,2024-03-21,2024-03,CUS-0343,Wales,Store,Sports,Fitness Tracker,2,55.51,27,0,111.02,54,57.02,4.7,No
ORD-00760,2024-03-21,2024-03,CUS-0526,South East,Store,Home,Coffee Maker,3,74.84,41,0.2,179.62,123,56.62,4.6,No
ORD-01154,2024-03-22,2024-03,CUS-0341,South West,Online,Sports,Fitness Tracker,2,53.4,27,0.15,90.78,54,36.78,3.6,No
ORD-01256,2024-03-23,2024-03,CUS-0436,London,Marketplace,Fashion,Winter Jacket,1,92.38,46,0,92.38,46,46.38,4.7,No
ORD-01097,2024-03-23,2024-03,CUS-0373,Scotland,Online,Electronics,Bluetooth Speaker,4,66.37,34,0.1,238.93,136,102.93,4.8,No
ORD-00554,2024-03-24,2024-03,CUS-0611,Wales,Marketplace,Books,Business Intelligence Guide,5,34.41,12,0.1,154.85,60,94.85,3.5,Yes
ORD-01140,2024-03-25,2024-03,CUS-0249,North West,Marketplace,Electronics,Smart Watch,2,155.55,92,0,311.1,184,127.1,3.5,No
ORD-00879,2024-03-25,2024-03,CUS-0605,North East,Marketplace,Electronics,Wireless Headphones,5,88.38,48,0.2,353.52,240,113.52,4.1,No
ORD-00207,2024-03-25,2024-03,CUS-0594,South West,Online,Home,Desk Lamp,3,33.88,17,0.1,91.48,51,40.48,3.3,No
ORD-00186,2024-03-25,2024-03,CUS-0428,North West,Online,Fashion,Backpack,1,47.55,21,0.2,38.04,21,17.04,4.4,No
ORD-01694,2024-03-26,2024-03,CUS-0232,North West,Online,Books,Data Analytics Handbook,3,39.93,14,0.05,113.8,42,71.8,4.8,No
ORD-00674,2024-03-26,2024-03,CUS-0358,South East,Marketplace,Home,Desk Lamp,1,36.03,17,0.05,34.23,17,17.23,3.5,No
ORD-00078,2024-03-26,2024-03,CUS-0481,North East,Online,Fashion,Winter Jacket,2,90.95,46,0.2,145.52,92,53.52,4.9,No
ORD-01717,2024-03-26,2024-03,CUS-0228,Scotland,Marketplace,Beauty,Hair Dryer,5,61.26,29,0,306.3,145,161.3,4.5,No
ORD-00227,2024-03-27,2024-03,CUS-0274,Wales,Store,Sports,Running Shoes,5,78.47,38,0.2,313.88,190,123.88,5,No
ORD-00894,2024-03-27,2024-03,CUS-0136,Scotland,Store,Books,Business Intelligence Guide,1,35.37,12,0.1,31.83,12,19.83,3.5,No
ORD-01283,2024-03-28,2024-03,CUS-0464,Wales,Store,Sports,Yoga Mat,5,31.35,12,0.2,125.4,60,65.4,5,No
ORD-01093,2024-03-28,2024-03,CUS-0052,London,Marketplace,Sports,Running Shoes,2,81.43,38,0.2,130.29,76,54.29,3.8,No
ORD-00361,2024-03-29,2024-03,CUS-0262,London,Online,Electronics,Wireless Headphones,2,85.77,48,0.15,145.81,96,49.81,4,Yes
ORD-00650,2024-03-30,2024-03,CUS-0592,Midlands,Marketplace,Home,Desk Lamp,4,36.07,17,0.15,122.64,68,54.64,5,No
ORD-00245,2024-03-30,2024-03,CUS-0140,Wales,Online,Electronics,Smart Watch,3,166.56,92,0.15,424.73,276,148.73,4.2,No
ORD-00518,2024-03-31,2024-03,CUS-0374,North West,Store,Home,Coffee Maker,2,78.35,41,0.15,133.2,82,51.2,5,No
ORD-00634,2024-03-31,2024-03,CUS-0136,London,Marketplace,Sports,Fitness Tracker,3,55.79,27,0.15,142.26,81,61.26,4.9,No
ORD-00530,2024-04-01,2024-04,CUS-0388,South East,Online,Home,Desk Lamp,4,36.01,17,0,144.04,68,76.04,4.9,No
ORD-01268,2024-04-01,2024-04,CUS-0537,Midlands,Marketplace,Electronics,Wireless Headphones,3,86.23,48,0,258.69,144,114.69,4.6,No
ORD-00678,2024-04-01,2024-04,CUS-0013,South West,Online,Fashion,Winter Jacket,3,97.96,46,0,293.88,138,155.88,5,No
ORD-01293,2024-04-01,2024-04,CUS-0169,South West,Store,Sports,Fitness Tracker,4,54.6,27,0.2,174.72,108,66.72,5,No
ORD-01350,2024-04-01,2024-04,CUS-0003,South West,Store,Home,Coffee Maker,4,77.93,41,0.1,280.55,164,116.55,4.7,No
ORD-00900,2024-04-02,2024-04,CUS-0115,Scotland,Store,Home,Coffee Maker,3,75.29,41,0,225.87,123,102.87,5,Yes
ORD-00452,2024-04-02,2024-04,CUS-0260,Midlands,Marketplace,Sports,Running Shoes,5,81.24,38,0,406.2,190,216.2,4.1,No
ORD-00393,2024-04-03,2024-04,CUS-0226,Scotland,Online,Electronics,Smart Watch,2,154.71,92,0,309.42,184,125.42,4.7,Yes
ORD-00181,2024-04-03,2024-04,CUS-0109,North East,Marketplace,Fashion,Backpack,3,50.6,21,0.05,144.21,63,81.21,4,Yes
ORD-00387,2024-04-03,2024-04,CUS-0507,South West,Online,Electronics,Bluetooth Speaker,4,62.19,34,0.15,211.45,136,75.45,3.5,No
ORD-00699,2024-04-03,2024-04,CUS-0301,Midlands,Online,Beauty,Hair Dryer,1,61.54,29,0.05,58.46,29,29.46,4.6,Yes
ORD-00290,2024-04-04,2024-04,CUS-0221,South East,Marketplace,Home,Air Fryer,2,120.94,69,0,241.88,138,103.88,3.3,No
ORD-01379,2024-04-04,2024-04,CUS-0356,Scotland,Online,Sports,Fitness Tracker,5,55.71,27,0.1,250.7,135,115.7,4.2,No
ORD-00853,2024-04-04,2024-04,CUS-0080,North West,Store,Home,Desk Lamp,5,34.11,17,0.1,153.5,85,68.5,3.8,Yes
ORD-01294,2024-04-05,2024-04,CUS-0422,London,Store,Sports,Running Shoes,5,83,38,0.2,332,190,142,5,No
ORD-00841,2024-04-05,2024-04,CUS-0237,North East,Marketplace,Fashion,Classic Trainers,3,73.48,32,0.05,209.42,96,113.42,5,No
ORD-01786,2024-04-06,2024-04,CUS-0467,Scotland,Marketplace,Home,Air Fryer,4,118.8,69,0,475.2,276,199.2,3.5,No
ORD-00693,2024-04-06,2024-04,CUS-0090,Midlands,Marketplace,Fashion,Backpack,4,49.57,21,0.05,188.37,84,104.37,5,No
ORD-00668,2024-04-07,2024-04,CUS-0472,South East,Marketplace,Home,Coffee Maker,5,75.82,41,0.1,341.19,205,136.19,5,No
ORD-00910,2024-04-07,2024-04,CUS-0503,London,Online,Fashion,Winter Jacket,3,97.3,46,0,291.9,138,153.9,4,No
ORD-00037,2024-04-07,2024-04,CUS-0363,North East,Marketplace,Sports,Fitness Tracker,3,56.02,27,0.15,142.85,81,61.85,4.8,No
ORD-01512,2024-04-08,2024-04,CUS-0078,Midlands,Marketplace,Electronics,Bluetooth Speaker,3,64.01,34,0.2,153.62,102,51.62,5,No
ORD-00768,2024-04-09,2024-04,CUS-0184,Midlands,Online,Sports,Yoga Mat,5,30.95,12,0.05,147.01,60,87.01,3.4,No
ORD-00199,2024-04-09,2024-04,CUS-0334,Wales,Online,Sports,Running Shoes,2,78.67,38,0.2,125.87,76,49.87,4.9,No
ORD-00598,2024-04-09,2024-04,CUS-0619,North West,Marketplace,Electronics,Bluetooth Speaker,4,63.44,34,0.15,215.7,136,79.7,3.3,No
ORD-00984,2024-04-09,2024-04,CUS-0597,North East,Marketplace,Home,Coffee Maker,4,72.3,41,0,289.2,164,125.2,3.4,No
ORD-00111,2024-04-10,2024-04,CUS-0397,London,Marketplace,Fashion,Backpack,2,48.59,21,0.1,87.46,42,45.46,3.9,Yes
ORD-00775,2024-04-11,2024-04,CUS-0200,North West,Store,Sports,Fitness Tracker,2,56.67,27,0,113.34,54,59.34,4.3,No
ORD-01130,2024-04-11,2024-04,CUS-0551,South East,Store,Books,Business Intelligence Guide,5,35.81,12,0.1,161.15,60,101.15,3.6,No
ORD-01236,2024-04-13,2024-04,CUS-0277,Midlands,Marketplace,Fashion,Winter Jacket,3,90.85,46,0.1,245.29,138,107.29,4.8,No
ORD-01587,2024-04-13,2024-04,CUS-0175,Scotland,Marketplace,Beauty,Hair Dryer,1,59.9,29,0.15,50.92,29,21.92,4,No
ORD-00551,2024-04-14,2024-04,CUS-0299,Wales,Store,Beauty,Hair Dryer,1,59.14,29,0,59.14,29,30.14,4.3,No
ORD-01673,2024-04-14,2024-04,CUS-0119,South West,Online,Electronics,Bluetooth Speaker,3,67.35,34,0.1,181.85,102,79.85,3.2,No
ORD-01421,2024-04-14,2024-04,CUS-0221,South East,Marketplace,Sports,Yoga Mat,4,30.07,12,0,120.28,48,72.28,3.6,No
ORD-00902,2024-04-15,2024-04,CUS-0111,North West,Online,Electronics,Bluetooth Speaker,2,63.94,34,0,127.88,68,59.88,5,No
ORD-01289,2024-04-15,2024-04,CUS-0238,Wales,Marketplace,Fashion,Winter Jacket,4,91.04,46,0.15,309.54,184,125.54,3.9,Yes
ORD-00925,2024-04-15,2024-04,CUS-0251,Wales,Store,Beauty,Hair Dryer,2,58.59,29,0.05,111.32,58,53.32,4.7,No
ORD-00461,2024-04-15,2024-04,CUS-0369,North East,Online,Fashion,Backpack,2,48.73,21,0.1,87.71,42,45.71,4,No
ORD-00800,2024-04-15,2024-04,CUS-0405,North East,Store,Fashion,Classic Trainers,2,71.69,32,0.05,136.21,64,72.21,4.3,No
ORD-01799,2024-04-16,2024-04,CUS-0287,Wales,Marketplace,Sports,Yoga Mat,4,29.65,12,0,118.6,48,70.6,4.1,No
ORD-00263,2024-04-17,2024-04,CUS-0472,North West,Online,Sports,Running Shoes,3,78.14,38,0.15,199.26,114,85.26,4.5,No
ORD-01386,2024-04-17,2024-04,CUS-0551,South East,Store,Sports,Fitness Tracker,2,52.53,27,0,105.06,54,51.06,4.3,No
ORD-00243,2024-04-17,2024-04,CUS-0593,Wales,Marketplace,Fashion,Winter Jacket,4,96.62,46,0.05,367.16,184,183.16,3.3,No
ORD-01635,2024-04-18,2024-04,CUS-0219,Scotland,Marketplace,Beauty,Hair Dryer,3,60.37,29,0.1,163,87,76,4.9,No
ORD-01266,2024-04-19,2024-04,CUS-0255,South East,Online,Books,Data Analytics Handbook,4,41.39,14,0,165.56,56,109.56,4.1,No
ORD-01225,2024-04-19,2024-04,CUS-0279,South West,Online,Sports,Fitness Tracker,3,56.34,27,0.05,160.57,81,79.57,4,No
ORD-01315,2024-04-20,2024-04,CUS-0029,London,Marketplace,Electronics,Wireless Headphones,1,94.41,48,0.2,75.53,48,27.53,3.4,No
ORD-00289,2024-04-20,2024-04,CUS-0468,South West,Store,Sports,Yoga Mat,2,29.57,12,0.15,50.27,24,26.27,3.9,No
ORD-00448,2024-04-22,2024-04,CUS-0091,Wales,Store,Electronics,Wireless Headphones,1,86.77,48,0.1,78.09,48,30.09,4.3,No
ORD-00840,2024-04-22,2024-04,CUS-0535,South East,Online,Beauty,Hair Dryer,5,62.76,29,0,313.8,145,168.8,3.6,Yes
ORD-00237,2024-04-22,2024-04,CUS-0314,North East,Store,Sports,Yoga Mat,3,30.36,12,0.15,77.42,36,41.42,5,No
ORD-01656,2024-04-23,2024-04,CUS-0452,North East,Marketplace,Beauty,Skin Care Set,4,44.14,18,0,176.56,72,104.56,4.1,No
ORD-00359,2024-04-24,2024-04,CUS-0337,North West,Marketplace,Home,Air Fryer,2,115.72,69,0,231.44,138,93.44,5,No
ORD-01697,2024-04-25,2024-04,CUS-0196,North West,Online,Sports,Fitness Tracker,2,56.33,27,0.1,101.39,54,47.39,3.5,No
ORD-00941,2024-04-26,2024-04,CUS-0322,South West,Store,Home,Coffee Maker,4,72.76,41,0,291.04,164,127.04,3.9,No
ORD-00112,2024-04-26,2024-04,CUS-0287,Midlands,Marketplace,Fashion,Backpack,5,51.71,21,0,258.55,105,153.55,3.8,Yes
ORD-00396,2024-04-27,2024-04,CUS-0196,Midlands,Online,Sports,Yoga Mat,5,28.51,12,0.1,128.3,60,68.3,4.9,Yes
ORD-00601,2024-04-28,2024-04,CUS-0214,Midlands,Online,Home,Coffee Maker,4,76.96,41,0.1,277.06,164,113.06,4.4,No
ORD-00739,2024-04-28,2024-04,CUS-0056,North West,Marketplace,Electronics,Smart Watch,1,160.36,92,0.1,144.32,92,52.32,3.5,No
ORD-00008,2024-04-29,2024-04,CUS-0570,North East,Online,Fashion,Winter Jacket,4,97.55,46,0,390.2,184,206.2,4.5,No
ORD-01555,2024-04-29,2024-04,CUS-0394,Midlands,Online,Beauty,Hair Dryer,5,61.4,29,0,307,145,162,4.2,No
ORD-00870,2024-04-29,2024-04,CUS-0187,North East,Marketplace,Home,Coffee Maker,5,75.09,41,0.05,356.68,205,151.68,4.2,No
ORD-01088,2024-04-29,2024-04,CUS-0501,Midlands,Marketplace,Beauty,Skin Care Set,5,46.81,18,0,234.05,90,144.05,3.5,No
ORD-00490,2024-04-30,2024-04,CUS-0241,Midlands,Store,Sports,Fitness Tracker,1,55.18,27,0.15,46.9,27,19.9,5,No
ORD-00378,2024-04-30,2024-04,CUS-0379,Scotland,Online,Sports,Running Shoes,1,78.63,38,0.15,66.84,38,28.84,4,No
ORD-00980,2024-04-30,2024-04,CUS-0306,North West,Marketplace,Fashion,Backpack,3,50.51,21,0,151.53,63,88.53,4.9,No
ORD-00248,2024-05-01,2024-05,CUS-0246,North West,Online,Sports,Fitness Tracker,2,55.25,27,0.15,93.93,54,39.93,4.8,No
ORD-00083,2024-05-01,2024-05,CUS-0404,Scotland,Online,Books,Business Intelligence Guide,4,36.72,12,0,146.88,48,98.88,4.6,No
ORD-00567,2024-05-02,2024-05,CUS-0328,Wales,Store,Fashion,Winter Jacket,4,91.8,46,0,367.2,184,183.2,5,No
ORD-01703,2024-05-04,2024-05,CUS-0008,North West,Online,Home,Air Fryer,4,118.45,69,0,473.8,276,197.8,3.7,No
ORD-00016,2024-05-04,2024-05,CUS-0603,Midlands,Marketplace,Books,Data Analytics Handbook,1,41.88,14,0,41.88,14,27.88,5,No
ORD-01114,2024-05-05,2024-05,CUS-0148,Midlands,Online,Books,Business Intelligence Guide,1,34.64,12,0,34.64,12,22.64,3.9,No
ORD-00486,2024-05-05,2024-05,CUS-0352,North West,Store,Sports,Fitness Tracker,4,52.36,27,0,209.44,108,101.44,4.6,No
ORD-01490,2024-05-05,2024-05,CUS-0454,North West,Store,Electronics,Bluetooth Speaker,1,64.77,34,0.1,58.29,34,24.29,3.7,No
ORD-00079,2024-05-06,2024-05,CUS-0249,South East,Marketplace,Home,Coffee Maker,2,71.52,41,0,143.04,82,61.04,5,No
ORD-00857,2024-05-06,2024-05,CUS-0323,Scotland,Marketplace,Electronics,Smart Watch,1,161.01,92,0.1,144.91,92,52.91,4.4,No
ORD-00238,2024-05-09,2024-05,CUS-0471,Midlands,Online,Books,Business Intelligence Guide,3,35.99,12,0,107.97,36,71.97,3.2,Yes
ORD-01514,2024-05-09,2024-05,CUS-0042,Scotland,Online,Beauty,Skin Care Set,5,43.12,18,0,215.6,90,125.6,4.2,No
ORD-00507,2024-05-09,2024-05,CUS-0104,North West,Store,Sports,Running Shoes,3,83.14,38,0,249.42,114,135.42,4.7,No
ORD-00835,2024-05-09,2024-05,CUS-0615,South East,Store,Sports,Fitness Tracker,2,53.32,27,0.2,85.31,54,31.31,3.4,No
ORD-01471,2024-05-09,2024-05,CUS-0354,Midlands,Online,Home,Coffee Maker,4,77.53,41,0,310.12,164,146.12,4.2,No
ORD-00945,2024-05-09,2024-05,CUS-0556,North West,Store,Home,Desk Lamp,5,35.23,17,0,176.15,85,91.15,3.6,No
ORD-00142,2024-05-10,2024-05,CUS-0476,Wales,Online,Electronics,Smart Watch,2,157.75,92,0.05,299.72,184,115.72,5,No
ORD-00097,2024-05-11,2024-05,CUS-0189,North West,Marketplace,Electronics,Wireless Headphones,1,92.29,48,0,92.29,48,44.29,4.6,No
ORD-01677,2024-05-11,2024-05,CUS-0389,Midlands,Store,Sports,Fitness Tracker,1,56.81,27,0.1,51.13,27,24.13,4.6,No
ORD-01603,2024-05-11,2024-05,CUS-0536,Wales,Marketplace,Home,Desk Lamp,5,36.1,17,0.2,144.4,85,59.4,3.4,No
ORD-01651,2024-05-12,2024-05,CUS-0375,South East,Marketplace,Sports,Yoga Mat,4,29.01,12,0.2,92.83,48,44.83,5,No
ORD-00890,2024-05-12,2024-05,CUS-0079,North East,Marketplace,Beauty,Hair Dryer,2,59.9,29,0.15,101.83,58,43.83,5,No
ORD-01612,2024-05-13,2024-05,CUS-0606,London,Online,Beauty,Hair Dryer,5,57.1,29,0.15,242.68,145,97.68,4.8,Yes
ORD-01557,2024-05-13,2024-05,CUS-0546,South East,Store,Home,Air Fryer,2,114.36,69,0.15,194.41,138,56.41,4.6,No
ORD-01660,2024-05-14,2024-05,CUS-0192,Midlands,Marketplace,Fashion,Backpack,1,49.32,21,0,49.32,21,28.32,3.9,No
ORD-01235,2024-05-14,2024-05,CUS-0618,South West,Marketplace,Electronics,Smart Watch,1,156.55,92,0.2,125.24,92,33.24,4.9,No
ORD-01464,2024-05-14,2024-05,CUS-0287,Wales,Online,Electronics,Bluetooth Speaker,1,62.88,34,0.2,50.3,34,16.3,4.1,No
ORD-00156,2024-05-14,2024-05,CUS-0521,London,Online,Fashion,Classic Trainers,5,69.2,32,0,346,160,186,4.2,No
ORD-01208,2024-05-14,2024-05,CUS-0436,South West,Marketplace,Home,Desk Lamp,5,33.68,17,0.05,159.98,85,74.98,3.9,No
ORD-00014,2024-05-15,2024-05,CUS-0174,Scotland,Store,Books,Data Analytics Handbook,1,39.68,14,0.2,31.74,14,17.74,5,No
ORD-01166,2024-05-15,2024-05,CUS-0582,Midlands,Store,Fashion,Classic Trainers,3,69.11,32,0,207.33,96,111.33,4.9,No
ORD-01364,2024-05-15,2024-05,CUS-0362,South West,Store,Fashion,Classic Trainers,3,71.76,32,0,215.28,96,119.28,4.1,No
ORD-01577,2024-05-16,2024-05,CUS-0036,North West,Online,Electronics,Wireless Headphones,4,92.98,48,0,371.92,192,179.92,4.8,No
ORD-00690,2024-05-16,2024-05,CUS-0150,Midlands,Online,Sports,Yoga Mat,3,29.47,12,0.2,70.73,36,34.73,4.3,No
ORD-00450,2024-05-16,2024-05,CUS-0151,Midlands,Marketplace,Beauty,Skin Care Set,1,44.16,18,0.05,41.95,18,23.95,4.1,No
ORD-00667,2024-05-16,2024-05,CUS-0036,South West,Online,Books,Data Analytics Handbook,2,38.85,14,0.1,69.93,28,41.93,4.1,No
ORD-00058,2024-05-16,2024-05,CUS-0461,London,Store,Fashion,Backpack,1,47.99,21,0,47.99,21,26.99,4.1,No
ORD-00479,2024-05-17,2024-05,CUS-0435,South East,Marketplace,Electronics,Smart Watch,4,166.03,92,0,664.12,368,296.12,4.4,No
ORD-00877,2024-05-17,2024-05,CUS-0424,South East,Store,Books,Business Intelligence Guide,2,34.84,12,0.05,66.2,24,42.2,4.4,No
ORD-00855,2024-05-17,2024-05,CUS-0194,Midlands,Marketplace,Beauty,Hair Dryer,3,60.79,29,0.15,155.01,87,68.01,3.9,No
ORD-01361,2024-05-17,2024-05,CUS-0119,North East,Marketplace,Fashion,Backpack,2,51.7,21,0.2,82.72,42,40.72,3.9,No
ORD-01223,2024-05-17,2024-05,CUS-0607,North West,Marketplace,Electronics,Smart Watch,4,157.56,92,0,630.24,368,262.24,4.2,No
ORD-00889,2024-05-18,2024-05,CUS-0600,North East,Store,Beauty,Hair Dryer,5,57.62,29,0.2,230.48,145,85.48,3.8,Yes
ORD-00778,2024-05-18,2024-05,CUS-0141,Scotland,Online,Fashion,Backpack,1,52.26,21,0.05,49.65,21,28.65,4.9,No
ORD-01609,2024-05-18,2024-05,CUS-0434,Scotland,Marketplace,Electronics,Smart Watch,1,156.91,92,0.2,125.53,92,33.53,4.1,No
ORD-01472,2024-05-18,2024-05,CUS-0427,South West,Marketplace,Books,Data Analytics Handbook,2,39.27,14,0.05,74.61,28,46.61,4.8,No
ORD-00784,2024-05-18,2024-05,CUS-0206,Scotland,Store,Electronics,Wireless Headphones,5,91.91,48,0.15,390.62,240,150.62,5,No
ORD-00700,2024-05-18,2024-05,CUS-0163,London,Store,Fashion,Classic Trainers,1,67.61,32,0.2,54.09,32,22.09,4.9,No
ORD-01756,2024-05-18,2024-05,CUS-0218,Midlands,Store,Sports,Running Shoes,5,76.77,38,0.1,345.47,190,155.47,4.6,No
ORD-01778,2024-05-20,2024-05,CUS-0078,South West,Marketplace,Electronics,Bluetooth Speaker,2,65.35,34,0,130.7,68,62.7,4.8,No
ORD-00588,2024-05-21,2024-05,CUS-0380,Scotland,Marketplace,Electronics,Wireless Headphones,5,90.37,48,0.2,361.48,240,121.48,4.1,No
ORD-00669,2024-05-21,2024-05,CUS-0197,Wales,Marketplace,Beauty,Hair Dryer,1,57.48,29,0.05,54.61,29,25.61,5,No
ORD-00221,2024-05-21,2024-05,CUS-0303,Wales,Online,Fashion,Backpack,5,48.92,21,0.1,220.14,105,115.14,4.5,No
ORD-00991,2024-05-22,2024-05,CUS-0193,North West,Online,Fashion,Backpack,5,49,21,0,245,105,140,5,No
ORD-00848,2024-05-23,2024-05,CUS-0358,Wales,Marketplace,Sports,Yoga Mat,1,31.3,12,0,31.3,12,19.3,3.7,No
ORD-00542,2024-05-23,2024-05,CUS-0088,Scotland,Online,Electronics,Wireless Headphones,5,89.51,48,0,447.55,240,207.55,4.6,No
ORD-01582,2024-05-23,2024-05,CUS-0458,London,Online,Sports,Yoga Mat,3,29.81,12,0,89.43,36,53.43,3.9,No
ORD-01389,2024-05-24,2024-05,CUS-0167,Scotland,Marketplace,Books,Data Analytics Handbook,1,40.63,14,0,40.63,14,26.63,4,No
ORD-01259,2024-05-24,2024-05,CUS-0205,North East,Online,Home,Desk Lamp,3,34.73,17,0.2,83.35,51,32.35,3.3,No
ORD-00556,2024-05-24,2024-05,CUS-0029,South East,Marketplace,Fashion,Backpack,3,50.15,21,0.2,120.36,63,57.36,3.4,No
ORD-00403,2024-05-25,2024-05,CUS-0197,North East,Online,Electronics,Wireless Headphones,3,87.77,48,0.2,210.65,144,66.65,4.7,No
ORD-01085,2024-05-25,2024-05,CUS-0320,South West,Online,Electronics,Wireless Headphones,2,92.29,48,0,184.58,96,88.58,3.9,No
ORD-01202,2024-05-25,2024-05,CUS-0267,London,Marketplace,Beauty,Hair Dryer,3,58.25,29,0.05,166.01,87,79.01,4.8,No
ORD-01620,2024-05-25,2024-05,CUS-0149,North West,Store,Books,Business Intelligence Guide,5,36.24,12,0,181.2,60,121.2,4.4,No
ORD-00831,2024-05-26,2024-05,CUS-0291,North East,Store,Fashion,Backpack,1,48.73,21,0.2,38.98,21,17.98,4.5,No
ORD-00856,2024-05-26,2024-05,CUS-0116,South West,Online,Sports,Fitness Tracker,3,54.85,27,0,164.55,81,83.55,5,No
ORD-01686,2024-05-26,2024-05,CUS-0169,South West,Marketplace,Sports,Fitness Tracker,1,55.35,27,0.2,44.28,27,17.28,5,No
ORD-00057,2024-05-26,2024-05,CUS-0573,South West,Store,Electronics,Wireless Headphones,5,87.77,48,0.15,373.02,240,133.02,4.7,No
ORD-00963,2024-05-27,2024-05,CUS-0222,South East,Marketplace,Electronics,Bluetooth Speaker,1,62.37,34,0.2,49.9,34,15.9,4.1,Yes
ORD-00516,2024-05-27,2024-05,CUS-0507,North West,Marketplace,Home,Coffee Maker,2,76.88,41,0.15,130.7,82,48.7,5,No
ORD-00065,2024-05-27,2024-05,CUS-0321,North West,Store,Beauty,Skin Care Set,5,45.49,18,0,227.45,90,137.45,4.6,No
ORD-00643,2024-05-28,2024-05,CUS-0503,South East,Online,Home,Desk Lamp,3,34.62,17,0,103.86,51,52.86,4.1,No
ORD-00442,2024-05-29,2024-05,CUS-0056,South West,Store,Electronics,Wireless Headphones,4,91.23,48,0,364.92,192,172.92,3.5,No
ORD-01285,2024-05-29,2024-05,CUS-0385,North East,Online,Sports,Running Shoes,4,76.27,38,0,305.08,152,153.08,4.6,No
ORD-00222,2024-05-29,2024-05,CUS-0499,Midlands,Store,Books,Data Analytics Handbook,4,39.43,14,0.1,141.95,56,85.95,4.2,No
ORD-01605,2024-05-30,2024-05,CUS-0259,Midlands,Marketplace,Books,Data Analytics Handbook,5,40.08,14,0.15,170.34,70,100.34,4.6,No
ORD-01240,2024-05-30,2024-05,CUS-0507,South East,Store,Books,Business Intelligence Guide,2,33.48,12,0,66.96,24,42.96,4.2,Yes
ORD-01118,2024-05-31,2024-05,CUS-0375,North East,Online,Beauty,Hair Dryer,2,60.72,29,0,121.44,58,63.44,4.4,No
ORD-00577,2024-05-31,2024-05,CUS-0252,Wales,Marketplace,Electronics,Bluetooth Speaker,3,64.08,34,0.1,173.02,102,71.02,4.7,No
ORD-01483,2024-05-31,2024-05,CUS-0510,Scotland,Marketplace,Home,Desk Lamp,4,35.17,17,0,140.68,68,72.68,4.6,No
ORD-00228,2024-05-31,2024-05,CUS-0515,North West,Store,Sports,Yoga Mat,5,30.01,12,0,150.05,60,90.05,3.2,No
ORD-00137,2024-06-02,2024-06,CUS-0453,London,Store,Sports,Running Shoes,4,80.6,38,0,322.4,152,170.4,4.8,No
ORD-01560,2024-06-03,2024-06,CUS-0207,Midlands,Store,Electronics,Wireless Headphones,1,89.55,48,0.05,85.07,48,37.07,3.5,No
ORD-00526,2024-06-03,2024-06,CUS-0508,Scotland,Store,Books,Business Intelligence Guide,3,34.29,12,0,102.87,36,66.87,4.4,No
ORD-01149,2024-06-03,2024-06,CUS-0493,London,Store,Home,Coffee Maker,5,77.9,41,0.05,370.03,205,165.03,3.6,No
ORD-00777,2024-06-04,2024-06,CUS-0265,South East,Marketplace,Fashion,Classic Trainers,3,71.27,32,0,213.81,96,117.81,4,No
ORD-01571,2024-06-04,2024-06,CUS-0298,Scotland,Marketplace,Fashion,Classic Trainers,2,66.55,32,0.15,113.14,64,49.14,4.8,No
ORD-00982,2024-06-05,2024-06,CUS-0480,South East,Store,Fashion,Classic Trainers,2,67.02,32,0.1,120.64,64,56.64,5,No
ORD-01629,2024-06-05,2024-06,CUS-0150,South West,Marketplace,Home,Air Fryer,1,119.88,69,0.15,101.9,69,32.9,4.6,No
ORD-00680,2024-06-05,2024-06,CUS-0500,Wales,Marketplace,Books,Data Analytics Handbook,5,39.19,14,0.1,176.36,70,106.36,5,No
ORD-01226,2024-06-05,2024-06,CUS-0059,South West,Store,Home,Coffee Maker,5,72.04,41,0,360.2,205,155.2,4,No
ORD-00716,2024-06-06,2024-06,CUS-0306,London,Store,Sports,Running Shoes,5,77.57,38,0,387.85,190,197.85,4.1,No
ORD-00411,2024-06-07,2024-06,CUS-0063,Wales,Store,Fashion,Classic Trainers,2,69.59,32,0.2,111.34,64,47.34,3.6,Yes
ORD-00536,2024-06-07,2024-06,CUS-0469,South West,Store,Home,Desk Lamp,3,36.37,17,0,109.11,51,58.11,4,No
ORD-00832,2024-06-07,2024-06,CUS-0300,London,Online,Electronics,Bluetooth Speaker,1,64.48,34,0.2,51.58,34,17.58,4,No
ORD-00609,2024-06-08,2024-06,CUS-0050,Scotland,Store,Sports,Fitness Tracker,2,56.95,27,0.2,91.12,54,37.12,4.3,No
ORD-01761,2024-06-09,2024-06,CUS-0437,Midlands,Marketplace,Sports,Fitness Tracker,5,52.94,27,0,264.7,135,129.7,3.9,Yes
ORD-01326,2024-06-10,2024-06,CUS-0058,North East,Marketplace,Home,Air Fryer,2,119.9,69,0.2,191.84,138,53.84,5,No
ORD-01559,2024-06-11,2024-06,CUS-0230,North East,Marketplace,Electronics,Wireless Headphones,1,94.08,48,0.15,79.97,48,31.97,3.9,No
ORD-01661,2024-06-11,2024-06,CUS-0044,Wales,Marketplace,Home,Air Fryer,4,120.63,69,0.1,434.27,276,158.27,5,No
ORD-01079,2024-06-11,2024-06,CUS-0591,Scotland,Marketplace,Fashion,Winter Jacket,2,93.27,46,0,186.54,92,94.54,3.7,No
ORD-00599,2024-06-12,2024-06,CUS-0179,Wales,Online,Sports,Yoga Mat,5,30.67,12,0.05,145.68,60,85.68,4.3,No
ORD-00519,2024-06-13,2024-06,CUS-0594,Midlands,Online,Fashion,Winter Jacket,2,96.33,46,0,192.66,92,100.66,4.3,No
ORD-01382,2024-06-14,2024-06,CUS-0522,Midlands,Marketplace,Electronics,Wireless Headphones,4,91.91,48,0,367.64,192,175.64,3.7,No
ORD-00363,2024-06-15,2024-06,CUS-0448,North West,Online,Beauty,Skin Care Set,1,46.65,18,0.1,41.99,18,23.99,4.9,No
ORD-01147,2024-06-16,2024-06,CUS-0053,London,Store,Electronics,Smart Watch,2,161.88,92,0,323.76,184,139.76,3.8,No
ORD-01142,2024-06-16,2024-06,CUS-0055,Midlands,Store,Books,Business Intelligence Guide,4,33.92,12,0.1,122.11,48,74.11,3.4,No
ORD-00274,2024-06-16,2024-06,CUS-0220,South West,Marketplace,Electronics,Wireless Headphones,2,86.81,48,0.05,164.94,96,68.94,4.8,No
ORD-00215,2024-06-16,2024-06,CUS-0312,North West,Store,Books,Business Intelligence Guide,4,35.18,12,0.2,112.58,48,64.58,3.4,No
ORD-01227,2024-06-16,2024-06,CUS-0309,South West,Online,Sports,Fitness Tracker,4,53.07,27,0,212.28,108,104.28,3.5,No
ORD-00039,2024-06-16,2024-06,CUS-0187,London,Store,Home,Desk Lamp,2,36.56,17,0,73.12,34,39.12,3.9,No
ORD-01503,2024-06-17,2024-06,CUS-0019,South East,Store,Electronics,Wireless Headphones,1,90.75,48,0.2,72.6,48,24.6,4.8,Yes
ORD-01318,2024-06-17,2024-06,CUS-0317,North West,Store,Beauty,Skin Care Set,3,47.07,18,0.05,134.15,54,80.15,3.7,No
ORD-01349,2024-06-17,2024-06,CUS-0177,North West,Marketplace,Electronics,Smart Watch,2,155.54,92,0,311.08,184,127.08,3.5,No
ORD-00063,2024-06-18,2024-06,CUS-0114,Wales,Online,Books,Data Analytics Handbook,2,39.9,14,0,79.8,28,51.8,3.6,No
ORD-01243,2024-06-18,2024-06,CUS-0569,London,Marketplace,Sports,Yoga Mat,2,30.38,12,0.15,51.65,24,27.65,4.4,Yes
ORD-01144,2024-06-19,2024-06,CUS-0237,London,Store,Home,Air Fryer,5,118.3,69,0.1,532.35,345,187.35,3.5,No
ORD-01034,2024-06-19,2024-06,CUS-0574,North East,Marketplace,Fashion,Winter Jacket,3,95.92,46,0,287.76,138,149.76,3.4,No
ORD-00548,2024-06-19,2024-06,CUS-0165,South East,Online,Fashion,Winter Jacket,2,92.33,46,0.15,156.96,92,64.96,4.2,No
ORD-01779,2024-06-21,2024-06,CUS-0150,North West,Online,Sports,Yoga Mat,2,31.21,12,0.2,49.94,24,25.94,5,No
ORD-01659,2024-06-21,2024-06,CUS-0364,London,Online,Electronics,Smart Watch,4,156.5,92,0.15,532.1,368,164.1,4.7,No
ORD-01325,2024-06-21,2024-06,CUS-0192,North West,Marketplace,Fashion,Winter Jacket,4,93.08,46,0.1,335.09,184,151.09,3.7,No
ORD-01175,2024-06-22,2024-06,CUS-0573,Wales,Store,Fashion,Classic Trainers,3,69.78,32,0.15,177.94,96,81.94,3.6,No
ORD-01624,2024-06-22,2024-06,CUS-0339,London,Online,Sports,Fitness Tracker,2,57.07,27,0,114.14,54,60.14,3.3,No
ORD-01558,2024-06-22,2024-06,CUS-0381,South East,Marketplace,Sports,Yoga Mat,2,28.97,12,0.05,55.04,24,31.04,4.8,No
ORD-00093,2024-06-22,2024-06,CUS-0428,London,Store,Sports,Yoga Mat,5,30.42,12,0.1,136.89,60,76.89,4.5,No
ORD-01341,2024-06-25,2024-06,CUS-0619,South East,Marketplace,Beauty,Hair Dryer,3,57.84,29,0,173.52,87,86.52,3.7,No
ORD-01654,2024-06-25,2024-06,CUS-0576,Wales,Store,Electronics,Smart Watch,4,153.19,92,0,612.76,368,244.76,4.1,No
ORD-00217,2024-06-26,2024-06,CUS-0157,South East,Store,Electronics,Smart Watch,2,156.09,92,0.1,280.96,184,96.96,3.8,No
ORD-01068,2024-06-26,2024-06,CUS-0511,Scotland,Marketplace,Sports,Yoga Mat,4,30.28,12,0.2,96.9,48,48.9,3.8,No
ORD-00172,2024-06-26,2024-06,CUS-0048,Scotland,Marketplace,Books,Data Analytics Handbook,3,40.37,14,0,121.11,42,79.11,3.3,Yes
ORD-01455,2024-06-26,2024-06,CUS-0143,South West,Store,Beauty,Hair Dryer,3,62.7,29,0.15,159.89,87,72.89,3.5,Yes
ORD-00288,2024-06-27,2024-06,CUS-0613,North West,Marketplace,Books,Data Analytics Handbook,5,39.05,14,0.15,165.96,70,95.96,4.1,No
ORD-00517,2024-06-27,2024-06,CUS-0126,South East,Online,Books,Data Analytics Handbook,4,40.54,14,0,162.16,56,106.16,4.2,No
ORD-00682,2024-06-27,2024-06,CUS-0224,South East,Online,Electronics,Wireless Headphones,3,88.52,48,0,265.56,144,121.56,4.1,No
ORD-00034,2024-06-27,2024-06,CUS-0438,North West,Marketplace,Fashion,Backpack,5,48.59,21,0.2,194.36,105,89.36,3.9,No
ORD-01777,2024-06-28,2024-06,CUS-0567,North West,Store,Sports,Running Shoes,5,77.59,38,0,387.95,190,197.95,3.3,No
ORD-00824,2024-06-28,2024-06,CUS-0262,Wales,Marketplace,Fashion,Classic Trainers,4,71.61,32,0.2,229.15,128,101.15,5,No
ORD-01163,2024-06-28,2024-06,CUS-0577,North West,Online,Sports,Fitness Tracker,5,55.4,27,0.05,263.15,135,128.15,4.2,Yes
ORD-00385,2024-06-28,2024-06,CUS-0521,North West,Marketplace,Home,Desk Lamp,4,35.24,17,0,140.96,68,72.96,4.9,No
ORD-01790,2024-06-29,2024-06,CUS-0503,Scotland,Online,Beauty,Skin Care Set,5,44.55,18,0.1,200.48,90,110.48,3.2,No
ORD-00950,2024-07-01,2024-07,CUS-0148,North West,Store,Fashion,Winter Jacket,2,97.77,46,0,195.54,92,103.54,3.9,Yes
ORD-00343,2024-07-02,2024-07,CUS-0133,North West,Marketplace,Books,Data Analytics Handbook,3,39.07,14,0,117.21,42,75.21,4,No
ORD-01117,2024-07-02,2024-07,CUS-0455,Scotland,Store,Fashion,Winter Jacket,1,96.5,46,0.2,77.2,46,31.2,3.3,No
ORD-00822,2024-07-03,2024-07,CUS-0222,Wales,Marketplace,Home,Coffee Maker,4,71.26,41,0.15,242.28,164,78.28,4.2,No
ORD-00349,2024-07-03,2024-07,CUS-0359,London,Store,Beauty,Hair Dryer,4,61.14,29,0.2,195.65,116,79.65,4.7,No
ORD-00834,2024-07-03,2024-07,CUS-0087,Scotland,Store,Beauty,Hair Dryer,2,59.03,29,0.05,112.16,58,54.16,3.5,No
ORD-01143,2024-07-03,2024-07,CUS-0422,South East,Marketplace,Sports,Yoga Mat,5,29.02,12,0,145.1,60,85.1,4.2,No
ORD-00829,2024-07-04,2024-07,CUS-0393,Scotland,Marketplace,Home,Air Fryer,3,115.32,69,0.2,276.77,207,69.77,5,No
ORD-01084,2024-07-04,2024-07,CUS-0373,North East,Store,Home,Desk Lamp,2,34.09,17,0.15,57.95,34,23.95,4.4,No
ORD-00799,2024-07-05,2024-07,CUS-0278,Wales,Marketplace,Fashion,Classic Trainers,5,71.08,32,0,355.4,160,195.4,4.4,No
ORD-01741,2024-07-06,2024-07,CUS-0030,London,Marketplace,Beauty,Hair Dryer,4,61.1,29,0,244.4,116,128.4,3.3,No
ORD-01070,2024-07-08,2024-07,CUS-0041,Midlands,Store,Electronics,Bluetooth Speaker,5,65.69,34,0.1,295.61,170,125.61,3.8,No
ORD-01730,2024-07-09,2024-07,CUS-0473,Midlands,Store,Books,Data Analytics Handbook,5,38.31,14,0,191.55,70,121.55,4.4,No
ORD-00098,2024-07-10,2024-07,CUS-0451,North East,Marketplace,Fashion,Winter Jacket,3,98.95,46,0,296.85,138,158.85,3.9,No
ORD-00912,2024-07-10,2024-07,CUS-0188,South West,Marketplace,Electronics,Bluetooth Speaker,2,62.19,34,0.1,111.94,68,43.94,4.8,No
ORD-01139,2024-07-11,2024-07,CUS-0418,London,Online,Fashion,Classic Trainers,5,72.64,32,0,363.2,160,203.2,3.5,No
ORD-00265,2024-07-11,2024-07,CUS-0526,Wales,Online,Electronics,Smart Watch,1,157.43,92,0.15,133.82,92,41.82,4.7,No
ORD-00444,2024-07-12,2024-07,CUS-0580,London,Marketplace,Fashion,Backpack,5,48.95,21,0,244.75,105,139.75,3.5,No
ORD-01358,2024-07-13,2024-07,CUS-0396,London,Online,Electronics,Smart Watch,3,160.73,92,0.1,433.97,276,157.97,5,No
ORD-00989,2024-07-13,2024-07,CUS-0208,South West,Online,Electronics,Wireless Headphones,3,88.73,48,0,266.19,144,122.19,5,No
ORD-00961,2024-07-13,2024-07,CUS-0158,Scotland,Marketplace,Fashion,Backpack,1,51.23,21,0,51.23,21,30.23,4.9,No
ORD-01273,2024-07-13,2024-07,CUS-0375,North West,Online,Electronics,Smart Watch,3,157.53,92,0.1,425.33,276,149.33,3.8,No
ORD-00798,2024-07-13,2024-07,CUS-0134,Midlands,Store,Electronics,Bluetooth Speaker,4,64.42,34,0.05,244.8,136,108.8,3.5,No
ORD-00586,2024-07-15,2024-07,CUS-0571,London,Online,Fashion,Winter Jacket,4,92.95,46,0,371.8,184,187.8,4.2,Yes
ORD-00285,2024-07-15,2024-07,CUS-0025,North West,Store,Home,Air Fryer,4,114.17,69,0.15,388.18,276,112.18,4.2,No
ORD-01655,2024-07-16,2024-07,CUS-0544,London,Store,Books,Data Analytics Handbook,3,41.39,14,0,124.17,42,82.17,4.1,No
ORD-01727,2024-07-17,2024-07,CUS-0148,South East,Online,Electronics,Smart Watch,3,163.44,92,0,490.32,276,214.32,5,No
ORD-00498,2024-07-17,2024-07,CUS-0346,South West,Online,Sports,Fitness Tracker,1,53.87,27,0,53.87,27,26.87,4.3,No
ORD-00145,2024-07-17,2024-07,CUS-0436,North West,Online,Beauty,Skin Care Set,4,42.84,18,0.15,145.66,72,73.66,3.8,No
ORD-00446,2024-07-18,2024-07,CUS-0466,North East,Marketplace,Electronics,Wireless Headphones,5,92.18,48,0,460.9,240,220.9,4.3,No
ORD-01529,2024-07-18,2024-07,CUS-0060,South East,Store,Books,Business Intelligence Guide,3,34.8,12,0.2,83.52,36,47.52,5,No
ORD-00522,2024-07-19,2024-07,CUS-0610,Scotland,Online,Home,Desk Lamp,3,34.52,17,0,103.56,51,52.56,3.5,No
ORD-00776,2024-07-19,2024-07,CUS-0102,South East,Online,Home,Air Fryer,2,118.81,69,0.15,201.98,138,63.98,3.9,No
ORD-00946,2024-07-20,2024-07,CUS-0372,South East,Marketplace,Beauty,Skin Care Set,4,43.92,18,0,175.68,72,103.68,4.6,No
ORD-01229,2024-07-21,2024-07,CUS-0026,North West,Store,Sports,Running Shoes,2,81.93,38,0.15,139.28,76,63.28,3.6,No
ORD-01366,2024-07-21,2024-07,CUS-0220,London,Online,Home,Air Fryer,2,120.62,69,0.15,205.05,138,67.05,3.7,Yes
ORD-01215,2024-07-21,2024-07,CUS-0229,London,Store,Fashion,Classic Trainers,4,72.54,32,0,290.16,128,162.16,4.4,No
ORD-00120,2024-07-22,2024-07,CUS-0182,North East,Online,Home,Desk Lamp,5,35.7,17,0,178.5,85,93.5,3.8,No
ORD-01246,2024-07-22,2024-07,CUS-0390,North West,Marketplace,Beauty,Skin Care Set,1,45.29,18,0.1,40.76,18,22.76,4.6,No
ORD-00821,2024-07-22,2024-07,CUS-0540,South West,Online,Electronics,Smart Watch,4,166.07,92,0.1,597.85,368,229.85,3.3,No
ORD-00294,2024-07-22,2024-07,CUS-0357,London,Online,Books,Data Analytics Handbook,4,40.96,14,0.15,139.26,56,83.26,4.2,No
ORD-00641,2024-07-23,2024-07,CUS-0212,Scotland,Marketplace,Electronics,Wireless Headphones,5,88.24,48,0,441.2,240,201.2,3.6,No
ORD-01261,2024-07-23,2024-07,CUS-0312,Midlands,Store,Sports,Yoga Mat,4,29.28,12,0,117.12,48,69.12,4,No
ORD-00318,2024-07-23,2024-07,CUS-0342,Wales,Marketplace,Electronics,Wireless Headphones,4,92.98,48,0.1,334.73,192,142.73,4.6,No
ORD-01377,2024-07-23,2024-07,CUS-0167,North East,Store,Beauty,Hair Dryer,5,61.69,29,0.05,293.03,145,148.03,4.2,No
ORD-00875,2024-07-24,2024-07,CUS-0058,South East,Marketplace,Sports,Fitness Tracker,4,57.3,27,0,229.2,108,121.2,4.7,No
ORD-00106,2024-07-25,2024-07,CUS-0507,Scotland,Marketplace,Books,Business Intelligence Guide,4,36.37,12,0,145.48,48,97.48,3.5,No
ORD-00644,2024-07-25,2024-07,CUS-0392,North East,Marketplace,Fashion,Winter Jacket,1,94.77,46,0.2,75.82,46,29.82,3.5,No
ORD-01344,2024-07-26,2024-07,CUS-0574,North West,Store,Fashion,Winter Jacket,4,96.63,46,0.1,347.87,184,163.87,4.2,No
ORD-01768,2024-07-26,2024-07,CUS-0378,London,Marketplace,Home,Coffee Maker,5,78.47,41,0.15,333.5,205,128.5,4,No
ORD-00484,2024-07-26,2024-07,CUS-0509,South East,Store,Beauty,Hair Dryer,1,62.11,29,0.1,55.9,29,26.9,4.1,No
ORD-00977,2024-07-26,2024-07,CUS-0335,South West,Marketplace,Sports,Fitness Tracker,1,54.48,27,0.15,46.31,27,19.31,4.6,Yes
ORD-00232,2024-07-26,2024-07,CUS-0385,Midlands,Store,Sports,Fitness Tracker,1,55.66,27,0,55.66,27,28.66,3.8,No
ORD-01112,2024-07-26,2024-07,CUS-0559,South East,Online,Fashion,Winter Jacket,3,94.84,46,0.15,241.84,138,103.84,4.2,No
ORD-00133,2024-07-27,2024-07,CUS-0577,Wales,Store,Fashion,Winter Jacket,4,98.36,46,0.05,373.77,184,189.77,4.7,No
ORD-00796,2024-07-27,2024-07,CUS-0501,Wales,Online,Sports,Running Shoes,4,76.59,38,0.1,275.72,152,123.72,4.6,No
ORD-00787,2024-07-28,2024-07,CUS-0078,North East,Online,Books,Business Intelligence Guide,5,35.34,12,0.2,141.36,60,81.36,5,No
ORD-00185,2024-07-28,2024-07,CUS-0256,South West,Online,Home,Desk Lamp,2,36.6,17,0.15,62.22,34,28.22,4,No
ORD-00701,2024-07-28,2024-07,CUS-0395,Midlands,Store,Fashion,Winter Jacket,5,98.89,46,0.05,469.73,230,239.73,4.6,No
ORD-01357,2024-07-28,2024-07,CUS-0510,South West,Store,Books,Data Analytics Handbook,4,38.74,14,0,154.96,56,98.96,4.8,No
ORD-01535,2024-07-29,2024-07,CUS-0060,North East,Store,Books,Business Intelligence Guide,3,35.7,12,0.15,91.04,36,55.04,4.4,No
ORD-00655,2024-07-29,2024-07,CUS-0489,North West,Online,Sports,Yoga Mat,2,31.29,12,0,62.58,24,38.58,4.7,No
ORD-01530,2024-07-30,2024-07,CUS-0379,Midlands,Online,Home,Coffee Maker,5,77.14,41,0.1,347.13,205,142.13,4,No
ORD-01242,2024-07-31,2024-07,CUS-0184,North East,Online,Sports,Fitness Tracker,2,53.47,27,0,106.94,54,52.94,3.9,No
ORD-00492,2024-07-31,2024-07,CUS-0305,Midlands,Marketplace,Beauty,Skin Care Set,4,43.91,18,0,175.64,72,103.64,4.2,No
ORD-00072,2024-07-31,2024-07,CUS-0181,London,Store,Sports,Yoga Mat,4,29.41,12,0.05,111.76,48,63.76,4.8,No
ORD-01188,2024-07-31,2024-07,CUS-0444,Scotland,Online,Electronics,Bluetooth Speaker,1,61.85,34,0.05,58.76,34,24.76,3.5,No
ORD-00130,2024-08-01,2024-08,CUS-0164,Midlands,Marketplace,Home,Air Fryer,1,116.03,69,0.05,110.23,69,41.23,4.4,No
ORD-00676,2024-08-01,2024-08,CUS-0280,North West,Marketplace,Books,Business Intelligence Guide,4,36.42,12,0.1,131.11,48,83.11,3.9,No
ORD-01533,2024-08-02,2024-08,CUS-0433,Midlands,Store,Sports,Running Shoes,1,82.74,38,0.1,74.47,38,36.47,4.4,No
ORD-01448,2024-08-02,2024-08,CUS-0477,Scotland,Marketplace,Electronics,Bluetooth Speaker,2,65.47,34,0.2,104.75,68,36.75,3.5,No
ORD-01412,2024-08-02,2024-08,CUS-0453,London,Marketplace,Home,Desk Lamp,4,36.25,17,0.1,130.5,68,62.5,4.7,No
ORD-01748,2024-08-02,2024-08,CUS-0240,North East,Online,Fashion,Backpack,4,49.49,21,0.05,188.06,84,104.06,4.7,No
ORD-00612,2024-08-04,2024-08,CUS-0119,London,Store,Electronics,Smart Watch,1,161.42,92,0.1,145.28,92,53.28,4.6,No
ORD-01274,2024-08-05,2024-08,CUS-0322,South West,Store,Electronics,Bluetooth Speaker,2,64.65,34,0.1,116.37,68,48.37,3.4,No
ORD-00069,2024-08-05,2024-08,CUS-0355,Midlands,Online,Home,Desk Lamp,4,33.53,17,0.15,114,68,46,3.6,No
ORD-01467,2024-08-05,2024-08,CUS-0155,South East,Store,Fashion,Backpack,1,48.65,21,0.2,38.92,21,17.92,4.8,No
ORD-01124,2024-08-06,2024-08,CUS-0082,London,Online,Home,Desk Lamp,4,33.53,17,0.1,120.71,68,52.71,4.3,No
ORD-01103,2024-08-07,2024-08,CUS-0125,North East,Online,Beauty,Skin Care Set,5,43.74,18,0,218.7,90,128.7,4.1,No
ORD-00727,2024-08-07,2024-08,CUS-0171,South West,Online,Beauty,Skin Care Set,2,45.41,18,0.05,86.28,36,50.28,5,No
ORD-01213,2024-08-08,2024-08,CUS-0016,Wales,Marketplace,Fashion,Backpack,5,49.11,21,0.15,208.72,105,103.72,3.3,No
ORD-01360,2024-08-08,2024-08,CUS-0244,South West,Online,Sports,Running Shoes,5,83.16,38,0,415.8,190,225.8,3.8,No
ORD-00638,2024-08-08,2024-08,CUS-0202,Scotland,Store,Sports,Running Shoes,4,79.02,38,0.05,300.28,152,148.28,3.8,No
ORD-00920,2024-08-08,2024-08,CUS-0143,Midlands,Marketplace,Electronics,Smart Watch,5,163.13,92,0,815.65,460,355.65,4.5,No
ORD-01680,2024-08-08,2024-08,CUS-0327,North East,Marketplace,Home,Coffee Maker,3,77.02,41,0,231.06,123,108.06,5,No
ORD-01633,2024-08-08,2024-08,CUS-0044,South West,Store,Electronics,Smart Watch,4,156.78,92,0.15,533.05,368,165.05,5,Yes
ORD-01327,2024-08-08,2024-08,CUS-0418,South East,Online,Electronics,Bluetooth Speaker,2,65.55,34,0.05,124.54,68,56.54,4,No
ORD-00904,2024-08-09,2024-08,CUS-0620,South East,Marketplace,Books,Data Analytics Handbook,4,38.49,14,0,153.96,56,97.96,4.8,No
ORD-00659,2024-08-09,2024-08,CUS-0274,North West,Online,Home,Desk Lamp,1,35.39,17,0.05,33.62,17,16.62,3.5,No
ORD-00060,2024-08-10,2024-08,CUS-0026,North West,Online,Books,Business Intelligence Guide,1,35.06,12,0.05,33.31,12,21.31,4.2,No
ORD-01023,2024-08-10,2024-08,CUS-0321,South East,Store,Electronics,Smart Watch,4,158.77,92,0,635.08,368,267.08,5,No
ORD-01524,2024-08-10,2024-08,CUS-0528,North East,Online,Books,Business Intelligence Guide,2,35.04,12,0.2,56.06,24,32.06,4,No
ORD-00595,2024-08-11,2024-08,CUS-0427,Midlands,Online,Sports,Running Shoes,1,81.16,38,0,81.16,38,43.16,3.9,Yes
ORD-01322,2024-08-12,2024-08,CUS-0502,South West,Online,Fashion,Backpack,4,51.16,21,0.2,163.71,84,79.71,4.2,No
ORD-01796,2024-08-12,2024-08,CUS-0073,Midlands,Marketplace,Books,Data Analytics Handbook,1,38.95,14,0.2,31.16,14,17.16,3.9,No
ORD-00151,2024-08-12,2024-08,CUS-0289,South East,Marketplace,Home,Air Fryer,5,116.8,69,0,584,345,239,4.8,No
ORD-00820,2024-08-13,2024-08,CUS-0110,South East,Store,Home,Coffee Maker,2,78.09,41,0.2,124.94,82,42.94,4.9,Yes
ORD-01062,2024-08-14,2024-08,CUS-0482,North East,Store,Beauty,Hair Dryer,5,60.13,29,0,300.65,145,155.65,4.2,No
ORD-00428,2024-08-14,2024-08,CUS-0514,South East,Store,Fashion,Classic Trainers,4,71.35,32,0,285.4,128,157.4,4.7,No
ORD-00527,2024-08-15,2024-08,CUS-0393,Wales,Marketplace,Electronics,Bluetooth Speaker,4,65.48,34,0.2,209.54,136,73.54,4.8,Yes
ORD-01340,2024-08-15,2024-08,CUS-0334,South East,Store,Beauty,Skin Care Set,4,45.95,18,0,183.8,72,111.8,4.8,No
ORD-01145,2024-08-16,2024-08,CUS-0304,London,Store,Books,Data Analytics Handbook,3,40.15,14,0,120.45,42,78.45,5,No
ORD-00735,2024-08-16,2024-08,CUS-0538,Wales,Online,Electronics,Wireless Headphones,3,93.21,48,0.1,251.67,144,107.67,4.7,No
ORD-00152,2024-08-17,2024-08,CUS-0100,North West,Marketplace,Fashion,Classic Trainers,3,73.25,32,0,219.75,96,123.75,4.7,No
ORD-01333,2024-08-17,2024-08,CUS-0052,Scotland,Online,Books,Data Analytics Handbook,5,40.7,14,0.15,172.98,70,102.98,5,Yes
ORD-01460,2024-08-17,2024-08,CUS-0601,South East,Marketplace,Electronics,Smart Watch,3,153.26,92,0.2,367.82,276,91.82,4.3,No
ORD-01618,2024-08-18,2024-08,CUS-0482,London,Marketplace,Electronics,Wireless Headphones,3,87.78,48,0,263.34,144,119.34,4.3,No
ORD-00738,2024-08-18,2024-08,CUS-0041,South West,Marketplace,Home,Air Fryer,4,122.67,69,0,490.68,276,214.68,4.2,No
ORD-00903,2024-08-18,2024-08,CUS-0294,South West,Marketplace,Fashion,Backpack,4,51.07,21,0,204.28,84,120.28,4.1,No
ORD-01248,2024-08-18,2024-08,CUS-0528,Midlands,Marketplace,Home,Coffee Maker,3,72.96,41,0,218.88,123,95.88,4.2,No
ORD-00206,2024-08-18,2024-08,CUS-0454,Wales,Store,Fashion,Winter Jacket,1,93.55,46,0,93.55,46,47.55,3.7,Yes
ORD-00845,2024-08-19,2024-08,CUS-0134,South West,Marketplace,Electronics,Bluetooth Speaker,1,66.21,34,0,66.21,34,32.21,3.8,No
ORD-00344,2024-08-19,2024-08,CUS-0291,North West,Online,Beauty,Skin Care Set,1,44.23,18,0.2,35.38,18,17.38,5,No
ORD-00188,2024-08-20,2024-08,CUS-0419,South West,Store,Home,Coffee Maker,4,74.17,41,0,296.68,164,132.68,5,No
ORD-01732,2024-08-20,2024-08,CUS-0497,London,Online,Sports,Running Shoes,1,83.45,38,0.05,79.28,38,41.28,4.8,No
ORD-01433,2024-08-21,2024-08,CUS-0147,Scotland,Marketplace,Home,Coffee Maker,4,76.26,41,0.05,289.79,164,125.79,3.3,No
ORD-00223,2024-08-21,2024-08,CUS-0195,Wales,Store,Sports,Running Shoes,1,82.88,38,0.2,66.3,38,28.3,4.8,No
ORD-01531,2024-08-22,2024-08,CUS-0226,Midlands,Online,Books,Data Analytics Handbook,4,41.43,14,0.1,149.15,56,93.15,4.6,No
ORD-01044,2024-08-22,2024-08,CUS-0586,South West,Store,Books,Data Analytics Handbook,1,40.86,14,0,40.86,14,26.86,3.5,No
ORD-00427,2024-08-23,2024-08,CUS-0588,Scotland,Store,Fashion,Classic Trainers,1,71.57,32,0.05,67.99,32,35.99,3.5,No
ORD-00564,2024-08-23,2024-08,CUS-0171,Scotland,Store,Sports,Yoga Mat,1,29.85,12,0.05,28.36,12,16.36,5,No
ORD-01258,2024-08-23,2024-08,CUS-0269,Scotland,Store,Home,Desk Lamp,2,34.84,17,0.2,55.74,34,21.74,3.6,No
ORD-01108,2024-08-23,2024-08,CUS-0219,Midlands,Marketplace,Home,Desk Lamp,5,35.11,17,0,175.55,85,90.55,4.6,No
ORD-01309,2024-08-23,2024-08,CUS-0397,Scotland,Marketplace,Sports,Yoga Mat,5,28.5,12,0.05,135.38,60,75.38,3.5,No
ORD-01167,2024-08-23,2024-08,CUS-0170,South East,Online,Fashion,Winter Jacket,3,95.14,46,0,285.42,138,147.42,4.2,No
ORD-00449,2024-08-23,2024-08,CUS-0043,North East,Marketplace,Sports,Yoga Mat,2,30.74,12,0,61.48,24,37.48,5,No
ORD-00817,2024-08-24,2024-08,CUS-0469,Scotland,Store,Electronics,Smart Watch,2,154.86,92,0.15,263.26,184,79.26,4.7,No
ORD-00482,2024-08-24,2024-08,CUS-0063,South West,Store,Electronics,Wireless Headphones,1,88.4,48,0,88.4,48,40.4,4.3,No
ORD-00572,2024-08-24,2024-08,CUS-0114,South East,Store,Sports,Yoga Mat,4,29.84,12,0,119.36,48,71.36,4.6,No
ORD-01755,2024-08-25,2024-08,CUS-0095,North East,Marketplace,Home,Coffee Maker,2,72.67,41,0.05,138.07,82,56.07,5,No
ORD-01177,2024-08-26,2024-08,CUS-0513,Wales,Online,Electronics,Smart Watch,1,163.45,92,0.15,138.93,92,46.93,3.5,No
ORD-01020,2024-08-26,2024-08,CUS-0106,Scotland,Marketplace,Books,Business Intelligence Guide,3,36.27,12,0,108.81,36,72.81,3.6,No
ORD-01663,2024-08-26,2024-08,CUS-0087,North West,Store,Beauty,Hair Dryer,3,60.05,29,0,180.15,87,93.15,3.5,No
ORD-00909,2024-08-27,2024-08,CUS-0289,South East,Online,Home,Desk Lamp,5,35.37,17,0.1,159.17,85,74.17,4.9,No
ORD-00512,2024-08-27,2024-08,CUS-0048,Scotland,Marketplace,Sports,Yoga Mat,2,30.34,12,0.1,54.61,24,30.61,3.8,No
ORD-01407,2024-08-28,2024-08,CUS-0201,Scotland,Marketplace,Sports,Running Shoes,4,77.23,38,0.15,262.58,152,110.58,3.5,No
ORD-00370,2024-08-28,2024-08,CUS-0226,Scotland,Online,Fashion,Winter Jacket,4,94.38,46,0.05,358.64,184,174.64,3.8,No
ORD-00062,2024-08-28,2024-08,CUS-0144,Midlands,Marketplace,Books,Data Analytics Handbook,1,40.81,14,0.2,32.65,14,18.65,5,No
ORD-01125,2024-08-28,2024-08,CUS-0326,North East,Store,Sports,Running Shoes,2,83.03,38,0.05,157.76,76,81.76,4.7,No
ORD-00630,2024-08-29,2024-08,CUS-0023,London,Online,Beauty,Hair Dryer,5,60.76,29,0.1,273.42,145,128.42,4,No
ORD-01138,2024-08-30,2024-08,CUS-0239,Scotland,Online,Beauty,Skin Care Set,1,44.32,18,0.05,42.1,18,24.1,3.4,No
ORD-00510,2024-08-30,2024-08,CUS-0019,Midlands,Marketplace,Books,Business Intelligence Guide,5,35.98,12,0.1,161.91,60,101.91,4.3,No
ORD-00550,2024-08-31,2024-08,CUS-0502,Wales,Store,Books,Data Analytics Handbook,3,41.64,14,0,124.92,42,82.92,3.4,No
ORD-01247,2024-09-01,2024-09,CUS-0330,Wales,Store,Sports,Yoga Mat,4,30.62,12,0,122.48,48,74.48,4,No
ORD-00377,2024-09-01,2024-09,CUS-0609,London,Store,Sports,Yoga Mat,3,29.05,12,0.2,69.72,36,33.72,4.9,No
ORD-01162,2024-09-01,2024-09,CUS-0605,Scotland,Store,Beauty,Skin Care Set,3,43.74,18,0.2,104.98,54,50.98,3.4,No
ORD-00296,2024-09-02,2024-09,CUS-0126,South East,Online,Sports,Running Shoes,2,76.4,38,0.2,122.24,76,46.24,3.4,No
ORD-01339,2024-09-02,2024-09,CUS-0198,Scotland,Store,Fashion,Backpack,4,51.14,21,0,204.56,84,120.56,4.9,Yes
ORD-00346,2024-09-02,2024-09,CUS-0158,Midlands,Online,Fashion,Classic Trainers,1,70.44,32,0.15,59.87,32,27.87,3.8,No
ORD-00247,2024-09-02,2024-09,CUS-0204,North West,Marketplace,Electronics,Smart Watch,5,152.17,92,0.1,684.77,460,224.77,4.6,No
ORD-01006,2024-09-02,2024-09,CUS-0438,Wales,Online,Home,Air Fryer,2,124.42,69,0.2,199.07,138,61.07,4,No
ORD-01239,2024-09-03,2024-09,CUS-0526,North East,Marketplace,Fashion,Winter Jacket,2,94.29,46,0,188.58,92,96.58,4.4,No
ORD-01689,2024-09-04,2024-09,CUS-0092,Wales,Store,Sports,Fitness Tracker,3,53.16,27,0,159.48,81,78.48,5,No
ORD-00437,2024-09-04,2024-09,CUS-0557,North East,Store,Sports,Yoga Mat,1,30.08,12,0.1,27.07,12,15.07,5,No
ORD-00466,2024-09-05,2024-09,CUS-0412,London,Store,Books,Data Analytics Handbook,1,38.2,14,0.1,34.38,14,20.38,4.1,No
ORD-01751,2024-09-06,2024-09,CUS-0134,South East,Online,Sports,Fitness Tracker,3,52.53,27,0.1,141.83,81,60.83,3.4,No
ORD-00418,2024-09-06,2024-09,CUS-0321,South West,Marketplace,Home,Air Fryer,2,120.38,69,0,240.76,138,102.76,5,No
ORD-01729,2024-09-07,2024-09,CUS-0522,South West,Store,Sports,Fitness Tracker,2,55.96,27,0,111.92,54,57.92,5,No
ORD-00476,2024-09-08,2024-09,CUS-0588,North East,Online,Electronics,Bluetooth Speaker,1,68.07,34,0,68.07,34,34.07,3.3,No
ORD-00535,2024-09-08,2024-09,CUS-0135,South West,Marketplace,Books,Business Intelligence Guide,4,33.34,12,0,133.36,48,85.36,4.7,No
ORD-00373,2024-09-09,2024-09,CUS-0572,South East,Marketplace,Electronics,Wireless Headphones,1,93.21,48,0,93.21,48,45.21,3.4,No
ORD-00103,2024-09-10,2024-09,CUS-0579,South West,Marketplace,Electronics,Smart Watch,5,165.2,92,0.2,660.8,460,200.8,3.3,No
ORD-00964,2024-09-11,2024-09,CUS-0532,South East,Marketplace,Fashion,Backpack,4,48.47,21,0.2,155.1,84,71.1,4.3,No
ORD-00826,2024-09-12,2024-09,CUS-0088,Midlands,Online,Home,Desk Lamp,5,33.28,17,0,166.4,85,81.4,4,No
ORD-00764,2024-09-13,2024-09,CUS-0073,Midlands,Marketplace,Sports,Running Shoes,5,83.68,38,0,418.4,190,228.4,4.6,No
ORD-01506,2024-09-13,2024-09,CUS-0064,Scotland,Store,Home,Air Fryer,4,114.46,69,0.1,412.06,276,136.06,3.7,No
ORD-01734,2024-09-14,2024-09,CUS-0388,South East,Online,Books,Business Intelligence Guide,2,36.36,12,0,72.72,24,48.72,3.3,No
ORD-00620,2024-09-14,2024-09,CUS-0525,North West,Store,Sports,Yoga Mat,2,31.36,12,0.2,50.18,24,26.18,3.7,No
ORD-01074,2024-09-14,2024-09,CUS-0341,Wales,Marketplace,Electronics,Smart Watch,3,167.25,92,0,501.75,276,225.75,3.4,No
ORD-01320,2024-09-14,2024-09,CUS-0408,Wales,Store,Beauty,Skin Care Set,1,43.67,18,0,43.67,18,25.67,4.4,No
ORD-00109,2024-09-14,2024-09,CUS-0054,South East,Store,Books,Business Intelligence Guide,5,34.71,12,0,173.55,60,113.55,4,No
ORD-00509,2024-09-15,2024-09,CUS-0160,Midlands,Online,Fashion,Winter Jacket,3,94.63,46,0.05,269.7,138,131.7,4.7,No
ORD-00528,2024-09-15,2024-09,CUS-0084,South West,Store,Fashion,Backpack,1,47.61,21,0.1,42.85,21,21.85,5,No
ORD-00018,2024-09-15,2024-09,CUS-0306,South East,Marketplace,Books,Data Analytics Handbook,2,40.78,14,0.15,69.33,28,41.33,3.6,No
ORD-00660,2024-09-15,2024-09,CUS-0480,Scotland,Store,Beauty,Skin Care Set,2,45.02,18,0,90.04,36,54.04,3.7,No
ORD-00534,2024-09-16,2024-09,CUS-0584,North East,Marketplace,Sports,Running Shoes,2,79.53,38,0.15,135.2,76,59.2,3.3,Yes
ORD-00973,2024-09-16,2024-09,CUS-0032,North East,Online,Books,Data Analytics Handbook,1,40.21,14,0.15,34.18,14,20.18,4.7,No
ORD-00694,2024-09-16,2024-09,CUS-0153,Scotland,Marketplace,Fashion,Classic Trainers,2,67.47,32,0.1,121.45,64,57.45,4.5,No
ORD-00342,2024-09-16,2024-09,CUS-0403,Wales,Online,Home,Desk Lamp,5,35.68,17,0.1,160.56,85,75.56,3.9,No
ORD-00459,2024-09-16,2024-09,CUS-0167,North East,Online,Home,Air Fryer,1,120.02,69,0.2,96.02,69,27.02,4.8,No
ORD-00677,2024-09-17,2024-09,CUS-0565,South East,Online,Beauty,Hair Dryer,3,59.43,29,0.1,160.46,87,73.46,3.6,No
ORD-01607,2024-09-17,2024-09,CUS-0451,North West,Marketplace,Beauty,Skin Care Set,1,44.2,18,0.15,37.57,18,19.57,4.1,No
ORD-00926,2024-09-17,2024-09,CUS-0149,Wales,Marketplace,Home,Coffee Maker,2,78.05,41,0.2,124.88,82,42.88,4.2,Yes
ORD-00500,2024-09-18,2024-09,CUS-0529,North East,Marketplace,Sports,Fitness Tracker,1,57.67,27,0.1,51.9,27,24.9,4.1,No
ORD-01165,2024-09-19,2024-09,CUS-0291,North East,Store,Fashion,Winter Jacket,5,96.12,46,0.15,408.51,230,178.51,4.7,No
ORD-00499,2024-09-19,2024-09,CUS-0445,North East,Marketplace,Home,Air Fryer,3,116.93,69,0.05,333.25,207,126.25,4.1,No
ORD-00661,2024-09-19,2024-09,CUS-0039,Wales,Marketplace,Sports,Fitness Tracker,2,56.62,27,0.1,101.92,54,47.92,3.8,No
ORD-01291,2024-09-19,2024-09,CUS-0021,Midlands,Marketplace,Home,Air Fryer,2,123.04,69,0,246.08,138,108.08,4.8,No
ORD-01719,2024-09-21,2024-09,CUS-0486,North West,Online,Electronics,Bluetooth Speaker,3,64.36,34,0,193.08,102,91.08,3.4,No
ORD-00988,2024-09-21,2024-09,CUS-0103,South West,Store,Home,Air Fryer,4,122.85,69,0.1,442.26,276,166.26,3.5,No
ORD-00134,2024-09-21,2024-09,CUS-0278,South East,Store,Books,Data Analytics Handbook,4,41.47,14,0.1,149.29,56,93.29,4.7,No
ORD-00391,2024-09-22,2024-09,CUS-0074,Scotland,Store,Home,Coffee Maker,5,73.21,41,0.1,329.45,205,124.45,4.7,No
ORD-00805,2024-09-22,2024-09,CUS-0157,Wales,Marketplace,Home,Desk Lamp,4,36.33,17,0,145.32,68,77.32,4.1,No
ORD-00084,2024-09-22,2024-09,CUS-0444,Wales,Store,Books,Data Analytics Handbook,4,40.17,14,0.05,152.65,56,96.65,5,No
ORD-00004,2024-09-23,2024-09,CUS-0418,South East,Marketplace,Sports,Yoga Mat,1,29.78,12,0,29.78,12,17.78,3.6,No
ORD-00804,2024-09-23,2024-09,CUS-0233,Scotland,Store,Sports,Fitness Tracker,3,53.17,27,0,159.51,81,78.51,3.5,No
ORD-00389,2024-09-23,2024-09,CUS-0410,London,Online,Electronics,Bluetooth Speaker,1,61.81,34,0.05,58.72,34,24.72,3.7,No
ORD-01797,2024-09-23,2024-09,CUS-0159,South East,Store,Home,Coffee Maker,1,73.44,41,0.05,69.77,41,28.77,4.7,No
ORD-00407,2024-09-24,2024-09,CUS-0291,North West,Marketplace,Home,Air Fryer,2,125.18,69,0.1,225.32,138,87.32,5,No
ORD-00379,2024-09-26,2024-09,CUS-0095,London,Store,Fashion,Winter Jacket,5,96.3,46,0.2,385.2,230,155.2,3.9,No
ORD-00160,2024-09-26,2024-09,CUS-0174,Midlands,Marketplace,Electronics,Bluetooth Speaker,5,67.04,34,0,335.2,170,165.2,3.8,No
ORD-01039,2024-09-27,2024-09,CUS-0463,North West,Store,Fashion,Classic Trainers,1,73.3,32,0.05,69.63,32,37.63,3.9,No
ORD-00067,2024-09-27,2024-09,CUS-0175,South West,Online,Home,Coffee Maker,2,73.2,41,0,146.4,82,64.4,4.9,No
ORD-00837,2024-09-27,2024-09,CUS-0193,South West,Online,Home,Coffee Maker,3,74.2,41,0.2,178.08,123,55.08,4.6,No
ORD-01200,2024-09-27,2024-09,CUS-0387,North East,Marketplace,Books,Business Intelligence Guide,2,34.49,12,0,68.98,24,44.98,4.2,No
ORD-00258,2024-09-28,2024-09,CUS-0340,North East,Online,Home,Air Fryer,1,120.73,69,0,120.73,69,51.73,4.1,No
ORD-00558,2024-09-28,2024-09,CUS-0540,Scotland,Store,Electronics,Wireless Headphones,1,85.75,48,0,85.75,48,37.75,3.4,No
ORD-01480,2024-09-30,2024-09,CUS-0417,Midlands,Store,Fashion,Winter Jacket,4,90.69,46,0.15,308.35,184,124.35,5,No
ORD-01374,2024-10-01,2024-10,CUS-0573,Wales,Online,Sports,Fitness Tracker,3,55.96,27,0,167.88,81,86.88,5,No
ORD-01606,2024-10-01,2024-10,CUS-0353,South East,Online,Sports,Fitness Tracker,4,54.3,27,0,217.2,108,109.2,5,No
ORD-01424,2024-10-01,2024-10,CUS-0388,Scotland,Marketplace,Electronics,Bluetooth Speaker,4,63.97,34,0.05,243.09,136,107.09,4.9,No
ORD-00766,2024-10-02,2024-10,CUS-0487,Scotland,Marketplace,Fashion,Winter Jacket,2,94.67,46,0,189.34,92,97.34,4,No
ORD-01705,2024-10-02,2024-10,CUS-0090,Scotland,Store,Beauty,Hair Dryer,5,60.03,29,0.1,270.14,145,125.14,3.8,No
ORD-01179,2024-10-02,2024-10,CUS-0272,South West,Marketplace,Books,Business Intelligence Guide,1,35.88,12,0,35.88,12,23.88,4.3,No
ORD-00863,2024-10-03,2024-10,CUS-0015,South East,Marketplace,Home,Desk Lamp,2,35.83,17,0.1,64.49,34,30.49,4.3,No
ORD-01330,2024-10-03,2024-10,CUS-0033,Scotland,Store,Sports,Running Shoes,2,80.73,38,0.1,145.31,76,69.31,3.5,No
ORD-00127,2024-10-04,2024-10,CUS-0523,North West,Marketplace,Books,Business Intelligence Guide,1,33.35,12,0,33.35,12,21.35,4.9,No
ORD-00249,2024-10-04,2024-10,CUS-0006,Wales,Marketplace,Home,Air Fryer,1,117.46,69,0.15,99.84,69,30.84,5,No
ORD-01077,2024-10-05,2024-10,CUS-0056,North West,Store,Fashion,Backpack,3,48.32,21,0.15,123.22,63,60.22,4.4,No
ORD-00375,2024-10-05,2024-10,CUS-0373,Scotland,Store,Sports,Running Shoes,3,77.99,38,0,233.97,114,119.97,4.7,No
ORD-01671,2024-10-06,2024-10,CUS-0398,Wales,Store,Home,Coffee Maker,1,76.6,41,0.2,61.28,41,20.28,4.5,No
ORD-01794,2024-10-06,2024-10,CUS-0386,London,Online,Home,Coffee Maker,4,78.63,41,0.15,267.34,164,103.34,4.1,No
ORD-00027,2024-10-07,2024-10,CUS-0263,London,Online,Beauty,Skin Care Set,3,47.24,18,0.15,120.46,54,66.46,4.2,No
ORD-01759,2024-10-07,2024-10,CUS-0190,Wales,Store,Beauty,Skin Care Set,4,44.64,18,0,178.56,72,106.56,4.5,No
ORD-01731,2024-10-07,2024-10,CUS-0302,South West,Online,Fashion,Winter Jacket,1,96.35,46,0.1,86.72,46,40.72,4.8,No
ORD-00854,2024-10-07,2024-10,CUS-0454,Wales,Store,Books,Business Intelligence Guide,1,35.31,12,0.1,31.78,12,19.78,4.4,No
ORD-01604,2024-10-07,2024-10,CUS-0017,North West,Online,Fashion,Backpack,1,51.73,21,0,51.73,21,30.73,5,No
ORD-00662,2024-10-08,2024-10,CUS-0514,London,Store,Fashion,Winter Jacket,1,93.23,46,0,93.23,46,47.23,4.3,No
ORD-01279,2024-10-09,2024-10,CUS-0318,Midlands,Marketplace,Home,Air Fryer,3,123.6,69,0.2,296.64,207,89.64,5,No
ORD-00780,2024-10-09,2024-10,CUS-0119,Scotland,Store,Home,Air Fryer,5,125.4,69,0,627,345,282,5,No
ORD-01031,2024-10-10,2024-10,CUS-0220,Scotland,Store,Fashion,Backpack,3,48.8,21,0,146.4,63,83.4,3.8,No
ORD-01218,2024-10-10,2024-10,CUS-0510,Wales,Store,Electronics,Wireless Headphones,1,91.82,48,0,91.82,48,43.82,5,No
ORD-01030,2024-10-11,2024-10,CUS-0159,Scotland,Store,Sports,Yoga Mat,3,29.31,12,0.05,83.53,36,47.53,4.5,No
ORD-01384,2024-10-11,2024-10,CUS-0194,South East,Marketplace,Home,Desk Lamp,3,34.14,17,0.15,87.06,51,36.06,3.6,No
ORD-01678,2024-10-12,2024-10,CUS-0227,North East,Online,Books,Data Analytics Handbook,4,41.54,14,0,166.16,56,110.16,4.4,No
ORD-00972,2024-10-12,2024-10,CUS-0339,South West,Store,Beauty,Skin Care Set,3,43.9,18,0,131.7,54,77.7,4.5,No
ORD-01628,2024-10-12,2024-10,CUS-0071,Wales,Online,Sports,Fitness Tracker,1,54.36,27,0,54.36,27,27.36,3.4,Yes
ORD-00951,2024-10-13,2024-10,CUS-0164,North East,Marketplace,Beauty,Hair Dryer,4,57.24,29,0.2,183.17,116,67.17,3.7,No
ORD-00538,2024-10-13,2024-10,CUS-0020,North West,Marketplace,Beauty,Hair Dryer,1,58.19,29,0.05,55.28,29,26.28,3.4,Yes
ORD-01004,2024-10-14,2024-10,CUS-0291,South East,Store,Sports,Yoga Mat,2,30.41,12,0,60.82,24,36.82,4.9,No
ORD-01432,2024-10-14,2024-10,CUS-0573,South West,Store,Electronics,Wireless Headphones,5,93.89,48,0.1,422.51,240,182.51,3.9,No
ORD-01355,2024-10-14,2024-10,CUS-0045,South East,Marketplace,Fashion,Winter Jacket,4,92.77,46,0,371.08,184,187.08,5,No
ORD-00220,2024-10-16,2024-10,CUS-0565,London,Store,Home,Coffee Maker,1,72.25,41,0,72.25,41,31.25,3.9,No
ORD-00485,2024-10-16,2024-10,CUS-0120,London,Marketplace,Home,Air Fryer,5,118.92,69,0,594.6,345,249.6,4.8,No
ORD-01090,2024-10-17,2024-10,CUS-0027,North West,Online,Home,Coffee Maker,5,74.13,41,0,370.65,205,165.65,4.9,No
ORD-01178,2024-10-17,2024-10,CUS-0144,South West,Online,Fashion,Classic Trainers,1,68.44,32,0.15,58.17,32,26.17,3.8,No
ORD-00163,2024-10-17,2024-10,CUS-0453,Scotland,Online,Beauty,Skin Care Set,3,47.2,18,0.15,120.36,54,66.36,5,No
ORD-01745,2024-10-18,2024-10,CUS-0511,South West,Marketplace,Home,Coffee Maker,3,74.53,41,0.2,178.87,123,55.87,3.3,No
ORD-01151,2024-10-18,2024-10,CUS-0216,North East,Store,Beauty,Skin Care Set,2,45.34,18,0.2,72.54,36,36.54,3.5,Yes
ORD-01014,2024-10-19,2024-10,CUS-0253,South East,Online,Electronics,Bluetooth Speaker,2,64.73,34,0.2,103.57,68,35.57,3.3,No
ORD-01508,2024-10-19,2024-10,CUS-0386,North East,Marketplace,Sports,Fitness Tracker,4,54.6,27,0,218.4,108,110.4,4.3,Yes
ORD-01369,2024-10-19,2024-10,CUS-0619,North West,Marketplace,Electronics,Smart Watch,1,166.87,92,0.15,141.84,92,49.84,3.4,No
ORD-00113,2024-10-20,2024-10,CUS-0154,South West,Online,Electronics,Bluetooth Speaker,3,65.5,34,0.1,176.85,102,74.85,4.5,No
ORD-00268,2024-10-20,2024-10,CUS-0227,South East,Marketplace,Books,Business Intelligence Guide,3,34.71,12,0,104.13,36,68.13,5,No
ORD-00007,2024-10-21,2024-10,CUS-0144,Scotland,Store,Sports,Yoga Mat,5,29.06,12,0.05,138.03,60,78.03,4.2,No
ORD-01276,2024-10-22,2024-10,CUS-0570,Scotland,Online,Fashion,Backpack,2,51.79,21,0.15,88.04,42,46.04,4.7,No
ORD-00073,2024-10-23,2024-10,CUS-0022,South East,Store,Fashion,Winter Jacket,5,92.13,46,0.2,368.52,230,138.52,4.9,No
ORD-00936,2024-10-23,2024-10,CUS-0532,Midlands,Store,Books,Data Analytics Handbook,2,40.1,14,0.1,72.18,28,44.18,3.6,No
ORD-01346,2024-10-24,2024-10,CUS-0355,South West,Store,Fashion,Classic Trainers,3,73.28,32,0,219.84,96,123.84,4.1,No
ORD-00923,2024-10-24,2024-10,CUS-0003,Wales,Marketplace,Electronics,Bluetooth Speaker,5,67.07,34,0.05,318.58,170,148.58,4,No
ORD-01012,2024-10-24,2024-10,CUS-0540,South West,Store,Electronics,Wireless Headphones,3,93.14,48,0,279.42,144,135.42,4.1,No
ORD-01152,2024-10-24,2024-10,CUS-0180,Wales,Online,Electronics,Wireless Headphones,5,85.66,48,0.05,406.88,240,166.88,5,No
ORD-00691,2024-10-24,2024-10,CUS-0226,Wales,Marketplace,Beauty,Skin Care Set,1,44.43,18,0,44.43,18,26.43,5,No
ORD-00818,2024-10-25,2024-10,CUS-0476,Midlands,Marketplace,Fashion,Classic Trainers,2,70.51,32,0,141.02,64,77.02,3.8,No
ORD-00406,2024-10-25,2024-10,CUS-0151,South West,Store,Beauty,Skin Care Set,1,43.78,18,0.05,41.59,18,23.59,3.5,No
ORD-00114,2024-10-27,2024-10,CUS-0031,Midlands,Online,Fashion,Backpack,1,50.32,21,0.05,47.8,21,26.8,4.7,No
ORD-00171,2024-10-27,2024-10,CUS-0014,Scotland,Store,Books,Business Intelligence Guide,2,34.71,12,0.1,62.48,24,38.48,4.5,No
ORD-01653,2024-10-28,2024-10,CUS-0505,Wales,Store,Fashion,Winter Jacket,2,93.4,46,0.2,149.44,92,57.44,4.4,No
ORD-01585,2024-10-28,2024-10,CUS-0413,North East,Store,Fashion,Winter Jacket,2,94.94,46,0.1,170.89,92,78.89,4.4,No
ORD-00506,2024-10-28,2024-10,CUS-0331,North West,Online,Home,Coffee Maker,4,71.83,41,0,287.32,164,123.32,4.9,No
ORD-00783,2024-10-30,2024-10,CUS-0197,Midlands,Marketplace,Books,Business Intelligence Guide,1,35.85,12,0,35.85,12,23.85,3.7,No
ORD-00064,2024-10-30,2024-10,CUS-0177,Scotland,Store,Books,Business Intelligence Guide,5,35.67,12,0,178.35,60,118.35,4.6,No
ORD-00770,2024-11-01,2024-11,CUS-0350,Midlands,Online,Home,Air Fryer,2,114.49,69,0.1,206.08,138,68.08,3.9,No
ORD-01025,2024-11-01,2024-11,CUS-0176,South East,Store,Electronics,Bluetooth Speaker,4,66.2,34,0,264.8,136,128.8,3.2,Yes
ORD-01523,2024-11-01,2024-11,CUS-0149,South West,Online,Sports,Fitness Tracker,3,52.61,27,0,157.83,81,76.83,4.6,No
ORD-01159,2024-11-01,2024-11,CUS-0173,South West,Online,Home,Desk Lamp,5,35.01,17,0.15,148.79,85,63.79,5,No
ORD-00371,2024-11-02,2024-11,CUS-0472,London,Marketplace,Books,Business Intelligence Guide,2,36.59,12,0,73.18,24,49.18,3.9,No
ORD-00665,2024-11-03,2024-11,CUS-0314,London,Store,Fashion,Winter Jacket,4,94.52,46,0.15,321.37,184,137.37,3.7,No
ORD-01282,2024-11-03,2024-11,CUS-0365,North West,Store,Home,Air Fryer,3,116.19,69,0,348.57,207,141.57,3.9,No
ORD-01356,2024-11-03,2024-11,CUS-0341,Wales,Online,Electronics,Bluetooth Speaker,3,65.99,34,0.1,178.17,102,76.17,5,No
ORD-00399,2024-11-04,2024-11,CUS-0335,London,Marketplace,Home,Coffee Maker,3,75.78,41,0,227.34,123,104.34,4.5,No
ORD-00308,2024-11-04,2024-11,CUS-0303,Midlands,Marketplace,Fashion,Backpack,3,51.58,21,0,154.74,63,91.74,4.5,No
ORD-00102,2024-11-05,2024-11,CUS-0419,North West,Online,Home,Air Fryer,3,120.89,69,0.2,290.14,207,83.14,3.6,No
ORD-00828,2024-11-06,2024-11,CUS-0610,London,Marketplace,Fashion,Classic Trainers,1,73.4,32,0.1,66.06,32,34.06,3.3,No
ORD-01521,2024-11-06,2024-11,CUS-0606,North East,Store,Books,Business Intelligence Guide,3,34.11,12,0.1,92.1,36,56.1,3.7,No
ORD-00126,2024-11-07,2024-11,CUS-0616,Wales,Marketplace,Fashion,Classic Trainers,1,68.77,32,0.05,65.33,32,33.33,4.2,Yes
ORD-00695,2024-11-07,2024-11,CUS-0537,South West,Marketplace,Home,Coffee Maker,3,75.19,41,0.15,191.73,123,68.73,5,No
ORD-00844,2024-11-07,2024-11,CUS-0537,North West,Online,Home,Coffee Maker,5,78.1,41,0,390.5,205,185.5,4.7,Yes
ORD-00529,2024-11-08,2024-11,CUS-0237,Wales,Marketplace,Fashion,Backpack,5,50.71,21,0,253.55,105,148.55,4.4,No
ORD-01043,2024-11-08,2024-11,CUS-0187,Midlands,Marketplace,Electronics,Smart Watch,1,159.92,92,0.05,151.92,92,59.92,4.5,No
ORD-00138,2024-11-09,2024-11,CUS-0468,Wales,Marketplace,Electronics,Bluetooth Speaker,4,65.77,34,0.1,236.77,136,100.77,3.6,No
ORD-00434,2024-11-10,2024-11,CUS-0529,North West,Online,Home,Air Fryer,1,124.76,69,0.05,118.52,69,49.52,5,No
ORD-01498,2024-11-10,2024-11,CUS-0482,South East,Online,Beauty,Hair Dryer,5,57.56,29,0.15,244.63,145,99.63,3.3,No
ORD-01244,2024-11-10,2024-11,CUS-0215,London,Marketplace,Sports,Running Shoes,2,81.29,38,0.2,130.06,76,54.06,4.4,No
ORD-00013,2024-11-11,2024-11,CUS-0271,Midlands,Store,Books,Data Analytics Handbook,1,41.69,14,0.15,35.44,14,21.44,3.5,No
ORD-00501,2024-11-11,2024-11,CUS-0524,Scotland,Online,Books,Data Analytics Handbook,3,38.06,14,0.1,102.76,42,60.76,4.7,No
ORD-00645,2024-11-12,2024-11,CUS-0587,South West,Store,Sports,Running Shoes,1,76.38,38,0.15,64.92,38,26.92,3.4,No
ORD-00560,2024-11-13,2024-11,CUS-0031,South East,Online,Home,Desk Lamp,3,35.34,17,0,106.02,51,55.02,4.7,No
ORD-00504,2024-11-13,2024-11,CUS-0551,North West,Store,Home,Air Fryer,1,124.53,69,0,124.53,69,55.53,4.3,No
ORD-01308,2024-11-13,2024-11,CUS-0394,South West,Marketplace,Beauty,Hair Dryer,3,59.64,29,0.05,169.97,87,82.97,3.9,Yes
ORD-00298,2024-11-13,2024-11,CUS-0153,South East,Store,Beauty,Hair Dryer,4,57.61,29,0.2,184.35,116,68.35,4.3,Yes
ORD-01253,2024-11-13,2024-11,CUS-0402,South West,Online,Beauty,Skin Care Set,3,44.37,18,0,133.11,54,79.11,5,No
ORD-00107,2024-11-13,2024-11,CUS-0197,North West,Store,Beauty,Skin Care Set,4,45.89,18,0.15,156.03,72,84.03,4.9,No
ORD-01219,2024-11-14,2024-11,CUS-0427,South East,Marketplace,Home,Air Fryer,5,125.42,69,0.15,533.04,345,188.04,3.5,No
ORD-01422,2024-11-15,2024-11,CUS-0387,South West,Marketplace,Home,Desk Lamp,5,34.13,17,0.2,136.52,85,51.52,4,No
ORD-01664,2024-11-16,2024-11,CUS-0233,North East,Store,Fashion,Backpack,1,50.07,21,0.1,45.06,21,24.06,5,No
ORD-01015,2024-11-16,2024-11,CUS-0358,Midlands,Online,Books,Data Analytics Handbook,3,39.93,14,0,119.79,42,77.79,3.7,No
ORD-01647,2024-11-16,2024-11,CUS-0288,North East,Marketplace,Beauty,Skin Care Set,2,45.58,18,0.15,77.49,36,41.49,3.6,No
ORD-00315,2024-11-16,2024-11,CUS-0365,Wales,Marketplace,Electronics,Wireless Headphones,4,92.31,48,0.2,295.39,192,103.39,4,No
ORD-00884,2024-11-17,2024-11,CUS-0288,Wales,Online,Sports,Fitness Tracker,1,54.46,27,0.05,51.74,27,24.74,3.7,No
ORD-01590,2024-11-17,2024-11,CUS-0370,South West,Online,Books,Data Analytics Handbook,2,39.26,14,0.2,62.82,28,34.82,4.5,Yes
ORD-00594,2024-11-18,2024-11,CUS-0554,London,Online,Sports,Fitness Tracker,5,54.71,27,0.15,232.52,135,97.52,5,No
ORD-00356,2024-11-18,2024-11,CUS-0603,Midlands,Marketplace,Fashion,Classic Trainers,1,68.92,32,0.1,62.03,32,30.03,4.5,No
ORD-00369,2024-11-18,2024-11,CUS-0322,Wales,Online,Fashion,Backpack,1,48.82,21,0.05,46.38,21,25.38,3.7,No
ORD-01769,2024-11-19,2024-11,CUS-0066,Scotland,Marketplace,Electronics,Wireless Headphones,5,88.34,48,0.2,353.36,240,113.36,4.5,Yes
ORD-00196,2024-11-19,2024-11,CUS-0222,Wales,Marketplace,Fashion,Backpack,5,50.85,21,0,254.25,105,149.25,5,No
ORD-00319,2024-11-19,2024-11,CUS-0143,Scotland,Marketplace,Sports,Fitness Tracker,4,55.45,27,0.2,177.44,108,69.44,4.9,No
ORD-00930,2024-11-20,2024-11,CUS-0435,South West,Marketplace,Sports,Running Shoes,1,78.31,38,0,78.31,38,40.31,3.7,No
ORD-01231,2024-11-21,2024-11,CUS-0466,North West,Marketplace,Home,Coffee Maker,3,78.61,41,0,235.83,123,112.83,3.8,No
ORD-00457,2024-11-21,2024-11,CUS-0035,South West,Marketplace,Fashion,Classic Trainers,1,69.14,32,0.05,65.68,32,33.68,3.3,No
ORD-01057,2024-11-21,2024-11,CUS-0373,South West,Online,Electronics,Wireless Headphones,5,91.18,48,0.05,433.11,240,193.11,4.2,No
ORD-00458,2024-11-21,2024-11,CUS-0571,Wales,Online,Fashion,Winter Jacket,4,92.45,46,0.1,332.82,184,148.82,3.7,No
ORD-00744,2024-11-21,2024-11,CUS-0025,Scotland,Online,Electronics,Wireless Headphones,2,89.49,48,0,178.98,96,82.98,3.3,No
ORD-00629,2024-11-21,2024-11,CUS-0188,Scotland,Store,Sports,Fitness Tracker,1,54.72,27,0,54.72,27,27.72,3.5,No
ORD-01380,2024-11-21,2024-11,CUS-0530,North East,Online,Home,Coffee Maker,2,73.75,41,0.05,140.13,82,58.13,3.9,No
ORD-01780,2024-11-22,2024-11,CUS-0203,Wales,Online,Home,Desk Lamp,3,35.51,17,0,106.53,51,55.53,3.4,No
ORD-00874,2024-11-23,2024-11,CUS-0175,Scotland,Marketplace,Sports,Yoga Mat,5,30.47,12,0.1,137.12,60,77.12,4.9,No
ORD-00302,2024-11-23,2024-11,CUS-0435,Midlands,Online,Books,Business Intelligence Guide,4,34.41,12,0,137.64,48,89.64,4.3,No
ORD-00042,2024-11-23,2024-11,CUS-0481,North East,Online,Fashion,Winter Jacket,1,94.9,46,0.05,90.16,46,44.16,4.8,No
ORD-01232,2024-11-23,2024-11,CUS-0128,North East,Marketplace,Home,Coffee Maker,3,76.67,41,0.1,207.01,123,84.01,4.7,No
ORD-00757,2024-11-23,2024-11,CUS-0380,South East,Marketplace,Fashion,Classic Trainers,3,68.05,32,0.15,173.53,96,77.53,3.5,No
ORD-00404,2024-11-24,2024-11,CUS-0593,North West,Marketplace,Sports,Yoga Mat,5,29.32,12,0.1,131.94,60,71.94,4.3,No
ORD-00020,2024-11-24,2024-11,CUS-0262,North East,Store,Sports,Yoga Mat,2,30.14,12,0.1,54.25,24,30.25,5,No
ORD-00316,2024-11-24,2024-11,CUS-0436,Midlands,Marketplace,Electronics,Wireless Headphones,3,86.63,48,0.05,246.9,144,102.9,3.2,No
ORD-01657,2024-11-25,2024-11,CUS-0063,South East,Online,Home,Coffee Maker,3,77.71,41,0.05,221.47,123,98.47,5,No
ORD-00412,2024-11-25,2024-11,CUS-0417,South West,Store,Beauty,Skin Care Set,3,46.33,18,0,138.99,54,84.99,3.4,No
ORD-00201,2024-11-25,2024-11,CUS-0122,South West,Store,Home,Desk Lamp,4,33.95,17,0.15,115.43,68,47.43,3.8,Yes
ORD-00631,2024-11-25,2024-11,CUS-0330,Wales,Online,Home,Desk Lamp,5,35.16,17,0,175.8,85,90.8,4.5,No
ORD-00355,2024-11-26,2024-11,CUS-0543,Scotland,Online,Home,Coffee Maker,3,75.92,41,0.1,204.98,123,81.98,3.8,No
ORD-00192,2024-11-26,2024-11,CUS-0542,Scotland,Marketplace,Home,Air Fryer,4,122.25,69,0.05,464.55,276,188.55,4.9,No
ORD-01303,2024-11-27,2024-11,CUS-0525,North East,Store,Beauty,Skin Care Set,1,47.19,18,0.15,40.11,18,22.11,4.9,No
ORD-00722,2024-11-28,2024-11,CUS-0159,London,Online,Sports,Yoga Mat,5,30.89,12,0,154.45,60,94.45,4.6,No
ORD-01758,2024-11-28,2024-11,CUS-0353,Scotland,Marketplace,Beauty,Skin Care Set,5,45.51,18,0,227.55,90,137.55,3.9,No
ORD-01458,2024-11-28,2024-11,CUS-0144,North East,Marketplace,Electronics,Smart Watch,3,162.63,92,0.1,439.1,276,163.1,4,No
ORD-00123,2024-11-28,2024-11,CUS-0121,London,Online,Fashion,Backpack,2,50.07,21,0.15,85.12,42,43.12,4.8,Yes
ORD-00254,2024-11-29,2024-11,CUS-0419,London,Online,Sports,Yoga Mat,4,30.94,12,0.05,117.57,48,69.57,5,No
ORD-01772,2024-12-01,2024-12,CUS-0522,North West,Online,Home,Desk Lamp,3,34.22,17,0,102.66,51,51.66,4,Yes
ORD-01666,2024-12-01,2024-12,CUS-0128,Wales,Store,Fashion,Winter Jacket,5,97.11,46,0.2,388.44,230,158.44,4.5,No
ORD-01391,2024-12-01,2024-12,CUS-0073,Wales,Online,Fashion,Backpack,1,49.73,21,0.15,42.27,21,21.27,4,No
ORD-00040,2024-12-01,2024-12,CUS-0188,London,Store,Electronics,Bluetooth Speaker,2,62.05,34,0.15,105.49,68,37.49,4,No
ORD-00022,2024-12-01,2024-12,CUS-0103,London,Store,Home,Coffee Maker,4,78.25,41,0.05,297.35,164,133.35,4.2,No
ORD-01381,2024-12-01,2024-12,CUS-0323,South East,Marketplace,Beauty,Skin Care Set,3,47.19,18,0,141.57,54,87.57,3.4,No
ORD-01155,2024-12-01,2024-12,CUS-0037,Wales,Store,Fashion,Backpack,3,50.74,21,0.05,144.61,63,81.61,4.3,No
ORD-00441,2024-12-02,2024-12,CUS-0115,South West,Store,Electronics,Bluetooth Speaker,1,63.49,34,0.1,57.14,34,23.14,3.3,No
ORD-01182,2024-12-03,2024-12,CUS-0199,Midlands,Online,Fashion,Winter Jacket,1,97.21,46,0,97.21,46,51.21,5,No
ORD-01709,2024-12-03,2024-12,CUS-0373,Midlands,Marketplace,Home,Desk Lamp,1,33.65,17,0,33.65,17,16.65,4.3,No
ORD-01205,2024-12-03,2024-12,CUS-0129,Midlands,Marketplace,Sports,Running Shoes,4,76.89,38,0,307.56,152,155.56,4.5,No
ORD-01072,2024-12-03,2024-12,CUS-0397,Scotland,Marketplace,Sports,Fitness Tracker,3,57.62,27,0.05,164.22,81,83.22,3.3,Yes
ORD-01134,2024-12-04,2024-12,CUS-0191,North West,Store,Beauty,Skin Care Set,2,43.05,18,0,86.1,36,50.1,4.4,No
ORD-00456,2024-12-04,2024-12,CUS-0418,London,Online,Books,Data Analytics Handbook,1,41.35,14,0.15,35.15,14,21.15,3.4,Yes
ORD-01368,2024-12-04,2024-12,CUS-0324,South West,Online,Fashion,Classic Trainers,2,69.65,32,0.1,125.37,64,61.37,3.9,No
ORD-00305,2024-12-05,2024-12,CUS-0097,North East,Online,Beauty,Skin Care Set,1,46.57,18,0,46.57,18,28.57,5,No
ORD-01771,2024-12-05,2024-12,CUS-0598,South West,Marketplace,Books,Business Intelligence Guide,4,34.16,12,0,136.64,48,88.64,3.8,No
ORD-00978,2024-12-05,2024-12,CUS-0391,North East,Online,Sports,Yoga Mat,5,30.34,12,0.2,121.36,60,61.36,4.7,No
ORD-01509,2024-12-05,2024-12,CUS-0281,South West,Store,Home,Coffee Maker,2,77.39,41,0,154.78,82,72.78,3.5,No
ORD-00400,2024-12-06,2024-12,CUS-0177,North West,Store,Beauty,Hair Dryer,3,60.37,29,0.1,163,87,76,3.6,No
ORD-00195,2024-12-06,2024-12,CUS-0398,North West,Online,Sports,Running Shoes,2,79.87,38,0.15,135.78,76,59.78,3.5,No
ORD-01720,2024-12-06,2024-12,CUS-0040,Midlands,Marketplace,Sports,Yoga Mat,5,29.6,12,0,148,60,88,3.9,No
ORD-00213,2024-12-07,2024-12,CUS-0191,South West,Online,Books,Data Analytics Handbook,5,41.54,14,0,207.7,70,137.7,4.4,No
ORD-00332,2024-12-07,2024-12,CUS-0052,South East,Online,Home,Air Fryer,4,115.98,69,0.1,417.53,276,141.53,5,No
ORD-01398,2024-12-10,2024-12,CUS-0099,Wales,Online,Fashion,Backpack,4,48.59,21,0.2,155.49,84,71.49,4.1,No
ORD-01064,2024-12-10,2024-12,CUS-0010,South East,Online,Books,Business Intelligence Guide,1,35.85,12,0.1,32.27,12,20.27,4,No
ORD-00872,2024-12-10,2024-12,CUS-0598,Scotland,Store,Fashion,Backpack,4,51.8,21,0,207.2,84,123.2,4.5,No
ORD-01287,2024-12-10,2024-12,CUS-0345,Midlands,Marketplace,Sports,Fitness Tracker,4,55.06,27,0,220.24,108,112.24,3.5,No
ORD-00578,2024-12-10,2024-12,CUS-0227,Wales,Online,Electronics,Smart Watch,1,157.35,92,0,157.35,92,65.35,4.9,No
ORD-01740,2024-12-11,2024-12,CUS-0346,South West,Online,Sports,Yoga Mat,3,31.25,12,0,93.75,36,57.75,4.7,No
ORD-01601,2024-12-11,2024-12,CUS-0542,South East,Online,Fashion,Winter Jacket,2,93.57,46,0.1,168.43,92,76.43,4.8,No
ORD-00270,2024-12-11,2024-12,CUS-0091,South East,Store,Fashion,Winter Jacket,2,91.29,46,0.2,146.06,92,54.06,4.3,No
ORD-01549,2024-12-12,2024-12,CUS-0024,South West,Online,Home,Coffee Maker,2,78.54,41,0.05,149.23,82,67.23,3.5,No
ORD-01334,2024-12-12,2024-12,CUS-0379,Midlands,Online,Sports,Running Shoes,2,78.73,38,0.15,133.84,76,57.84,3.3,No
ORD-01489,2024-12-12,2024-12,CUS-0061,London,Store,Home,Air Fryer,5,121.26,69,0,606.3,345,261.3,3.9,No
ORD-00267,2024-12-12,2024-12,CUS-0334,South East,Store,Sports,Yoga Mat,2,31.24,12,0,62.48,24,38.48,3.8,No
ORD-00477,2024-12-13,2024-12,CUS-0170,South East,Store,Books,Data Analytics Handbook,1,41.68,14,0.15,35.43,14,21.43,4.9,Yes
ORD-01735,2024-12-13,2024-12,CUS-0284,Wales,Store,Fashion,Winter Jacket,1,98.39,46,0.15,83.63,46,37.63,4.4,No
ORD-01329,2024-12-13,2024-12,CUS-0183,South East,Store,Beauty,Skin Care Set,2,46.7,18,0.15,79.39,36,43.39,4.8,Yes
ORD-01479,2024-12-14,2024-12,CUS-0277,North East,Store,Home,Air Fryer,3,117.22,69,0,351.66,207,144.66,3.7,No
ORD-01122,2024-12-15,2024-12,CUS-0521,South East,Online,Electronics,Smart Watch,2,164.24,92,0,328.48,184,144.48,4.2,No
ORD-00958,2024-12-15,2024-12,CUS-0073,North West,Store,Fashion,Backpack,5,50,21,0,250,105,145,3.6,No
ORD-00628,2024-12-15,2024-12,CUS-0476,North East,Online,Electronics,Smart Watch,1,152.53,92,0.2,122.02,92,30.02,3.3,No
ORD-00899,2024-12-16,2024-12,CUS-0036,North West,Marketplace,Books,Business Intelligence Guide,2,35.88,12,0,71.76,24,47.76,3.4,No
ORD-01029,2024-12-16,2024-12,CUS-0316,Midlands,Online,Sports,Yoga Mat,5,30.3,12,0.15,128.78,60,68.78,4.2,No
ORD-00541,2024-12-17,2024-12,CUS-0469,South East,Store,Home,Desk Lamp,5,34.97,17,0.1,157.37,85,72.37,4.9,No
ORD-00115,2024-12-17,2024-12,CUS-0612,North West,Marketplace,Home,Air Fryer,2,117.88,69,0.15,200.4,138,62.4,4.4,No
ORD-00823,2024-12-17,2024-12,CUS-0417,Wales,Online,Home,Desk Lamp,2,36.03,17,0,72.06,34,38.06,4.1,No
ORD-00251,2024-12-18,2024-12,CUS-0578,Midlands,Marketplace,Books,Data Analytics Handbook,4,38.79,14,0.1,139.64,56,83.64,3.8,No
ORD-00582,2024-12-18,2024-12,CUS-0113,Wales,Store,Books,Business Intelligence Guide,4,34.5,12,0,138,48,90,4,No
ORD-01712,2024-12-19,2024-12,CUS-0176,Midlands,Online,Fashion,Backpack,2,51.92,21,0.15,88.26,42,46.26,3.4,No
ORD-00581,2024-12-19,2024-12,CUS-0290,London,Marketplace,Home,Coffee Maker,1,77.74,41,0.05,73.85,41,32.85,4.8,No
ORD-00423,2024-12-19,2024-12,CUS-0411,Midlands,Store,Electronics,Wireless Headphones,3,86.32,48,0,258.96,144,114.96,3.7,No
ORD-00929,2024-12-20,2024-12,CUS-0352,South East,Online,Sports,Yoga Mat,1,30.95,12,0.05,29.4,12,17.4,5,No
ORD-01102,2024-12-20,2024-12,CUS-0126,South West,Marketplace,Electronics,Smart Watch,4,158.39,92,0.05,601.88,368,233.88,5,No
ORD-01170,2024-12-20,2024-12,CUS-0616,Wales,Marketplace,Beauty,Hair Dryer,2,60.27,29,0,120.54,58,62.54,3.6,No
ORD-01397,2024-12-21,2024-12,CUS-0520,Midlands,Store,Beauty,Hair Dryer,5,59.01,29,0.15,250.79,145,105.79,4.9,Yes
ORD-00658,2024-12-21,2024-12,CUS-0121,North East,Marketplace,Electronics,Wireless Headphones,3,88.59,48,0.2,212.62,144,68.62,4.8,No
ORD-00190,2024-12-21,2024-12,CUS-0609,North West,Online,Electronics,Smart Watch,1,152.09,92,0.1,136.88,92,44.88,5,No
ORD-00549,2024-12-21,2024-12,CUS-0256,Scotland,Online,Beauty,Hair Dryer,2,61.73,29,0.05,117.29,58,59.29,3.8,No
ORD-01773,2024-12-21,2024-12,CUS-0263,North East,Marketplace,Fashion,Winter Jacket,2,91.15,46,0.05,173.19,92,81.19,3.3,No
ORD-00295,2024-12-21,2024-12,CUS-0559,South East,Online,Electronics,Smart Watch,4,159.62,92,0.05,606.56,368,238.56,3.6,No
ORD-00543,2024-12-22,2024-12,CUS-0123,Midlands,Store,Home,Coffee Maker,5,77.66,41,0,388.3,205,183.3,3.2,No
ORD-01312,2024-12-22,2024-12,CUS-0153,Scotland,Marketplace,Beauty,Skin Care Set,2,43.27,18,0.15,73.56,36,37.56,4.8,No
ORD-00570,2024-12-22,2024-12,CUS-0104,North West,Online,Electronics,Wireless Headphones,3,89.76,48,0.15,228.89,144,84.89,3.6,No
ORD-00068,2024-12-23,2024-12,CUS-0325,Scotland,Online,Home,Air Fryer,5,117.37,69,0,586.85,345,241.85,4.5,No
ORD-00615,2024-12-23,2024-12,CUS-0472,South West,Online,Electronics,Smart Watch,5,167.07,92,0,835.35,460,375.35,5,No
ORD-00357,2024-12-24,2024-12,CUS-0618,South East,Online,Books,Data Analytics Handbook,4,39.87,14,0.15,135.56,56,79.56,3.3,No
ORD-01423,2024-12-24,2024-12,CUS-0316,North East,Marketplace,Sports,Running Shoes,5,82.13,38,0.05,390.12,190,200.12,3.6,No
ORD-00179,2024-12-25,2024-12,CUS-0472,Wales,Marketplace,Fashion,Winter Jacket,1,95.68,46,0,95.68,46,49.68,3.6,No
ORD-00755,2024-12-25,2024-12,CUS-0202,Scotland,Store,Beauty,Hair Dryer,3,57.42,29,0.15,146.42,87,59.42,5,No
ORD-01024,2024-12-26,2024-12,CUS-0116,Wales,Store,Sports,Yoga Mat,4,30.54,12,0,122.16,48,74.16,3.9,No
ORD-00839,2024-12-26,2024-12,CUS-0512,South West,Marketplace,Sports,Fitness Tracker,2,57.73,27,0,115.46,54,61.46,3.4,No
ORD-01785,2024-12-26,2024-12,CUS-0017,North East,Marketplace,Sports,Yoga Mat,3,29.32,12,0,87.96,36,51.96,3.2,No
ORD-01319,2024-12-27,2024-12,CUS-0067,London,Store,Sports,Fitness Tracker,4,52.96,27,0.05,201.25,108,93.25,4.2,No
ORD-00417,2024-12-28,2024-12,CUS-0234,South East,Marketplace,Sports,Running Shoes,4,82.75,38,0,331,152,179,4.3,No
ORD-00812,2024-12-29,2024-12,CUS-0142,Scotland,Online,Home,Coffee Maker,1,75.72,41,0,75.72,41,34.72,3.5,No
ORD-01194,2024-12-29,2024-12,CUS-0332,South East,Marketplace,Sports,Yoga Mat,3,29.68,12,0.15,75.68,36,39.68,5,Yes
ORD-00282,2024-12-30,2024-12,CUS-0339,South West,Store,Beauty,Skin Care Set,5,46.88,18,0.2,187.52,90,97.52,4.4,No
ORD-01262,2024-12-30,2024-12,CUS-0214,Midlands,Marketplace,Fashion,Winter Jacket,2,94.43,46,0.1,169.97,92,77.97,3.3,No
ORD-00330,2024-12-30,2024-12,CUS-0312,North East,Store,Sports,Fitness Tracker,5,52.44,27,0,262.2,135,127.2,3.5,No
ORD-01462,2024-12-31,2024-12,CUS-0427,London,Marketplace,Books,Business Intelligence Guide,3,34.85,12,0.1,94.1,36,58.1,3.4,No
ORD-01547,2024-12-31,2024-12,CUS-0380,Wales,Marketplace,Sports,Running Shoes,4,76.7,38,0,306.8,152,154.8,3.7,No
ORD-01722,2025-01-01,2025-01,CUS-0280,South West,Store,Home,Air Fryer,5,114.07,69,0,570.35,345,225.35,3.6,Yes
ORD-00614,2025-01-02,2025-01,CUS-0601,Wales,Online,Books,Business Intelligence Guide,4,36.69,12,0,146.76,48,98.76,4,No
ORD-00885,2025-01-02,2025-01,CUS-0052,Wales,Marketplace,Home,Desk Lamp,2,34.62,17,0,69.24,34,35.24,4.4,No
ORD-01493,2025-01-02,2025-01,CUS-0381,Wales,Marketplace,Electronics,Wireless Headphones,1,92.57,48,0.1,83.31,48,35.31,4.9,No
ORD-01302,2025-01-04,2025-01,CUS-0345,Wales,Online,Home,Coffee Maker,5,73.25,41,0,366.25,205,161.25,3.8,No
ORD-01728,2025-01-04,2025-01,CUS-0426,Scotland,Marketplace,Electronics,Smart Watch,3,167.28,92,0.2,401.47,276,125.47,3.6,No
ORD-00565,2025-01-05,2025-01,CUS-0574,North East,Online,Fashion,Classic Trainers,2,68.73,32,0.2,109.97,64,45.97,4.8,No
ORD-00409,2025-01-05,2025-01,CUS-0369,North West,Marketplace,Electronics,Bluetooth Speaker,4,62.63,34,0,250.52,136,114.52,3.7,No
ORD-01081,2025-01-05,2025-01,CUS-0321,Wales,Store,Fashion,Backpack,2,48.35,21,0.15,82.2,42,40.2,4.7,No
ORD-01053,2025-01-05,2025-01,CUS-0345,South East,Online,Books,Business Intelligence Guide,3,36.7,12,0.05,104.6,36,68.6,3.6,No
ORD-00178,2025-01-05,2025-01,CUS-0580,Midlands,Store,Beauty,Hair Dryer,3,59.86,29,0.05,170.6,87,83.6,3.8,No
ORD-00888,2025-01-05,2025-01,CUS-0332,Midlands,Marketplace,Books,Data Analytics Handbook,1,39.64,14,0,39.64,14,25.64,4.6,No
ORD-01203,2025-01-06,2025-01,CUS-0532,Scotland,Store,Books,Data Analytics Handbook,1,40.76,14,0.05,38.72,14,24.72,5,No
ORD-01791,2025-01-06,2025-01,CUS-0478,South West,Marketplace,Fashion,Classic Trainers,2,70.93,32,0,141.86,64,77.86,4.2,No
ORD-00226,2025-01-06,2025-01,CUS-0201,London,Online,Books,Data Analytics Handbook,1,41.1,14,0.15,34.94,14,20.94,4.2,No
ORD-00806,2025-01-07,2025-01,CUS-0441,North East,Online,Sports,Running Shoes,4,76.04,38,0,304.16,152,152.16,4.4,No
ORD-01425,2025-01-08,2025-01,CUS-0203,South West,Marketplace,Beauty,Hair Dryer,2,59.55,29,0.05,113.15,58,55.15,4.3,No
ORD-00867,2025-01-08,2025-01,CUS-0522,South West,Marketplace,Books,Business Intelligence Guide,5,35.63,12,0.15,151.43,60,91.43,4,Yes
ORD-01056,2025-01-08,2025-01,CUS-0284,Scotland,Marketplace,Beauty,Hair Dryer,2,60.4,29,0,120.8,58,62.8,3.2,No
ORD-00264,2025-01-08,2025-01,CUS-0079,Scotland,Online,Books,Business Intelligence Guide,1,34.16,12,0,34.16,12,22.16,5,No
ORD-01418,2025-01-08,2025-01,CUS-0338,South East,Marketplace,Home,Coffee Maker,3,77.9,41,0,233.7,123,110.7,4.1,No
ORD-01701,2025-01-09,2025-01,CUS-0285,Wales,Marketplace,Sports,Fitness Tracker,5,55.47,27,0.15,235.75,135,100.75,3.6,No
ORD-00559,2025-01-09,2025-01,CUS-0125,North West,Store,Fashion,Backpack,2,51.68,21,0,103.36,42,61.36,4.7,No
ORD-00758,2025-01-10,2025-01,CUS-0431,Wales,Marketplace,Books,Data Analytics Handbook,3,40.95,14,0,122.85,42,80.85,4.2,No
ORD-01700,2025-01-10,2025-01,CUS-0507,North West,Marketplace,Fashion,Backpack,2,49.01,21,0,98.02,42,56.02,4.7,No
ORD-00791,2025-01-10,2025-01,CUS-0477,Scotland,Store,Beauty,Skin Care Set,2,42.85,18,0.05,81.41,36,45.41,3.3,No
ORD-01637,2025-01-10,2025-01,CUS-0470,Midlands,Online,Books,Business Intelligence Guide,1,36.45,12,0,36.45,12,24.45,5,No
ORD-00135,2025-01-10,2025-01,CUS-0353,Midlands,Store,Sports,Yoga Mat,2,30.28,12,0.05,57.53,24,33.53,4.2,No
ORD-01750,2025-01-10,2025-01,CUS-0419,North East,Marketplace,Home,Desk Lamp,2,36.32,17,0.05,69.01,34,35.01,3.7,No
ORD-00937,2025-01-11,2025-01,CUS-0402,South West,Marketplace,Home,Air Fryer,3,117.72,69,0.2,282.53,207,75.53,4.7,No
ORD-00026,2025-01-11,2025-01,CUS-0263,London,Marketplace,Sports,Running Shoes,3,83.83,38,0,251.49,114,137.49,3.9,No
ORD-01766,2025-01-12,2025-01,CUS-0530,Midlands,Marketplace,Sports,Running Shoes,2,81.65,38,0.2,130.64,76,54.64,5,No
ORD-00164,2025-01-12,2025-01,CUS-0014,South East,Online,Home,Air Fryer,1,125.68,69,0,125.68,69,56.68,4,No
ORD-01051,2025-01-12,2025-01,CUS-0313,London,Marketplace,Fashion,Winter Jacket,2,93.47,46,0.15,158.9,92,66.9,4.8,No
ORD-00088,2025-01-13,2025-01,CUS-0290,South East,Marketplace,Electronics,Wireless Headphones,3,87.26,48,0,261.78,144,117.78,4,No
ORD-01135,2025-01-13,2025-01,CUS-0282,South East,Store,Books,Data Analytics Handbook,1,40.04,14,0.15,34.03,14,20.03,4.5,No
ORD-01083,2025-01-13,2025-01,CUS-0348,North West,Store,Fashion,Classic Trainers,1,66.64,32,0,66.64,32,34.64,4.9,No
ORD-00585,2025-01-14,2025-01,CUS-0236,Wales,Marketplace,Electronics,Wireless Headphones,4,91.57,48,0.1,329.65,192,137.65,5,No
ORD-00462,2025-01-14,2025-01,CUS-0524,South West,Marketplace,Fashion,Winter Jacket,4,97.28,46,0.1,350.21,184,166.21,5,No
ORD-01209,2025-01-15,2025-01,CUS-0237,London,Online,Beauty,Skin Care Set,1,46.55,18,0,46.55,18,28.55,4.7,No
ORD-01104,2025-01-16,2025-01,CUS-0238,Midlands,Store,Electronics,Wireless Headphones,4,93.43,48,0.05,355.03,192,163.03,5,No
ORD-01267,2025-01-16,2025-01,CUS-0055,South West,Online,Sports,Yoga Mat,1,29.94,12,0.1,26.95,12,14.95,4.5,No
ORD-00687,2025-01-16,2025-01,CUS-0222,London,Store,Books,Data Analytics Handbook,5,41.83,14,0,209.15,70,139.15,3.2,No
ORD-01706,2025-01-16,2025-01,CUS-0484,North West,Store,Sports,Running Shoes,4,83.42,38,0.05,317,152,165,3.5,No
ORD-01757,2025-01-17,2025-01,CUS-0099,South West,Store,Fashion,Backpack,1,49.59,21,0.15,42.15,21,21.15,3.2,No
ORD-01408,2025-01-17,2025-01,CUS-0541,Midlands,Online,Fashion,Classic Trainers,1,68.67,32,0,68.67,32,36.67,4.3,No
ORD-00424,2025-01-17,2025-01,CUS-0429,Wales,Online,Home,Coffee Maker,1,78.28,41,0.05,74.37,41,33.37,4.6,No
ORD-00975,2025-01-17,2025-01,CUS-0075,South East,Online,Home,Air Fryer,1,121.59,69,0,121.59,69,52.59,4.2,No
ORD-00150,2025-01-17,2025-01,CUS-0104,Scotland,Marketplace,Electronics,Wireless Headphones,3,90.35,48,0.15,230.39,144,86.39,4.5,No
ORD-00397,2025-01-18,2025-01,CUS-0066,North West,Store,Beauty,Hair Dryer,2,58.68,29,0,117.36,58,59.36,4.6,No
ORD-01534,2025-01-18,2025-01,CUS-0282,North West,Online,Beauty,Hair Dryer,5,62.02,29,0.15,263.59,145,118.59,3.7,No
ORD-00182,2025-01-18,2025-01,CUS-0143,London,Store,Electronics,Wireless Headphones,5,91.76,48,0.15,389.98,240,149.98,3.3,Yes
ORD-00679,2025-01-19,2025-01,CUS-0416,Midlands,Marketplace,Home,Air Fryer,3,118.05,69,0.1,318.74,207,111.74,4.8,No
ORD-01667,2025-01-19,2025-01,CUS-0201,Wales,Marketplace,Books,Business Intelligence Guide,2,33.39,12,0.2,53.42,24,29.42,5,No
ORD-00413,2025-01-19,2025-01,CUS-0477,Midlands,Store,Sports,Running Shoes,3,82.59,38,0.15,210.6,114,96.6,3.2,No
ORD-00734,2025-01-20,2025-01,CUS-0025,North East,Online,Beauty,Hair Dryer,2,57.88,29,0,115.76,58,57.76,4.7,No
ORD-01075,2025-01-20,2025-01,CUS-0307,Wales,Store,Sports,Running Shoes,5,81.26,38,0.1,365.67,190,175.67,3.6,No
ORD-00675,2025-01-21,2025-01,CUS-0428,Scotland,Store,Electronics,Bluetooth Speaker,5,64.17,34,0,320.85,170,150.85,5,No
ORD-00091,2025-01-21,2025-01,CUS-0011,South West,Store,Sports,Fitness Tracker,1,55.73,27,0.05,52.94,27,25.94,3.6,No
ORD-00836,2025-01-21,2025-01,CUS-0420,North West,Online,Home,Coffee Maker,1,71.87,41,0,71.87,41,30.87,3.4,No
ORD-01168,2025-01-21,2025-01,CUS-0032,North East,Store,Books,Business Intelligence Guide,2,35.37,12,0.15,60.13,24,36.13,4.5,Yes
ORD-00714,2025-01-22,2025-01,CUS-0195,London,Marketplace,Fashion,Classic Trainers,5,71.81,32,0,359.05,160,199.05,3.5,No
ORD-00505,2025-01-22,2025-01,CUS-0466,North West,Online,Sports,Fitness Tracker,2,54.73,27,0,109.46,54,55.46,5,No
ORD-00235,2025-01-22,2025-01,CUS-0186,South West,Online,Beauty,Skin Care Set,4,45.43,18,0.1,163.55,72,91.55,3.3,No
ORD-01157,2025-01-23,2025-01,CUS-0114,North West,Store,Electronics,Wireless Headphones,5,92.44,48,0,462.2,240,222.2,4.9,Yes
ORD-00928,2025-01-24,2025-01,CUS-0210,Wales,Store,Books,Business Intelligence Guide,4,36.2,12,0.05,137.56,48,89.56,4.3,No
ORD-00183,2025-01-24,2025-01,CUS-0141,Scotland,Store,Books,Data Analytics Handbook,3,41.61,14,0,124.83,42,82.83,3.7,No
ORD-01284,2025-01-25,2025-01,CUS-0315,Scotland,Online,Home,Air Fryer,2,121.18,69,0.2,193.89,138,55.89,4.7,No
ORD-01153,2025-01-27,2025-01,CUS-0556,Scotland,Store,Fashion,Winter Jacket,4,92.81,46,0,371.24,184,187.24,3.2,No
ORD-01241,2025-01-27,2025-01,CUS-0128,Midlands,Marketplace,Beauty,Skin Care Set,4,45.94,18,0,183.76,72,111.76,4.2,No
ORD-00922,2025-01-27,2025-01,CUS-0252,South East,Marketplace,Sports,Running Shoes,5,83.74,38,0.05,397.77,190,207.77,4.6,No
ORD-01447,2025-01-27,2025-01,CUS-0050,South East,Marketplace,Beauty,Hair Dryer,5,61.23,29,0,306.15,145,161.15,4.8,Yes
ORD-00046,2025-01-27,2025-01,CUS-0094,North East,Online,Electronics,Wireless Headphones,1,91.83,48,0,91.83,48,43.83,4.6,No
ORD-00219,2025-01-28,2025-01,CUS-0502,Scotland,Online,Beauty,Skin Care Set,3,47.17,18,0.2,113.21,54,59.21,4.6,No
ORD-01450,2025-01-28,2025-01,CUS-0558,South West,Marketplace,Books,Data Analytics Handbook,3,38.9,14,0,116.7,42,74.7,5,No
ORD-00649,2025-01-29,2025-01,CUS-0522,Wales,Online,Electronics,Smart Watch,3,156.45,92,0,469.35,276,193.35,3.7,No
ORD-00086,2025-01-29,2025-01,CUS-0115,Midlands,Store,Books,Business Intelligence Guide,1,34.64,12,0.05,32.91,12,20.91,5,No
ORD-00024,2025-01-29,2025-01,CUS-0090,Scotland,Marketplace,Books,Business Intelligence Guide,4,33.64,12,0,134.56,48,86.56,4.8,No
ORD-00955,2025-01-29,2025-01,CUS-0066,Wales,Marketplace,Electronics,Bluetooth Speaker,5,66.22,34,0.1,297.99,170,127.99,3.7,No
ORD-01500,2025-01-29,2025-01,CUS-0563,London,Store,Books,Business Intelligence Guide,3,35.4,12,0.05,100.89,36,64.89,3.7,No
ORD-01410,2025-01-29,2025-01,CUS-0312,North East,Marketplace,Books,Business Intelligence Guide,5,34.59,12,0,172.95,60,112.95,4,No
ORD-00819,2025-01-29,2025-01,CUS-0037,Scotland,Marketplace,Fashion,Backpack,5,47.81,21,0,239.05,105,134.05,3.3,No
ORD-01131,2025-01-30,2025-01,CUS-0037,North West,Online,Home,Air Fryer,2,123.61,69,0,247.22,138,109.22,4.5,No
ORD-00813,2025-01-30,2025-01,CUS-0219,North West,Store,Electronics,Bluetooth Speaker,2,64.89,34,0.15,110.31,68,42.31,5,No
ORD-00786,2025-01-30,2025-01,CUS-0498,South West,Online,Home,Coffee Maker,4,72.24,41,0,288.96,164,124.96,4.8,No
ORD-01650,2025-01-30,2025-01,CUS-0391,London,Online,Home,Air Fryer,2,114.56,69,0.05,217.66,138,79.66,4.1,No
ORD-01681,2025-01-30,2025-01,CUS-0228,London,Online,Sports,Yoga Mat,2,29.38,12,0.2,47.01,24,23.01,4.3,No
ORD-00557,2025-01-30,2025-01,CUS-0492,South East,Store,Home,Air Fryer,3,115.7,69,0.05,329.75,207,122.75,5,No
ORD-01452,2025-01-30,2025-01,CUS-0285,Scotland,Online,Electronics,Wireless Headphones,5,93.98,48,0,469.9,240,229.9,4.1,No
ORD-00671,2025-01-31,2025-01,CUS-0305,South West,Marketplace,Electronics,Smart Watch,3,155.41,92,0.2,372.98,276,96.98,4,No
ORD-00767,2025-01-31,2025-01,CUS-0381,North East,Store,Books,Data Analytics Handbook,4,38.28,14,0.05,145.46,56,89.46,3.7,No
ORD-00897,2025-01-31,2025-01,CUS-0534,Midlands,Online,Fashion,Backpack,5,47.68,21,0.2,190.72,105,85.72,4.1,No
ORD-01714,2025-02-01,2025-02,CUS-0312,London,Online,Electronics,Smart Watch,1,154.06,92,0,154.06,92,62.06,3.2,No
ORD-01716,2025-02-01,2025-02,CUS-0597,North West,Store,Fashion,Winter Jacket,2,93.71,46,0.05,178.05,92,86.05,4.7,No
ORD-01306,2025-02-01,2025-02,CUS-0407,London,Store,Sports,Running Shoes,1,76.46,38,0.1,68.81,38,30.81,3.5,No
ORD-01332,2025-02-01,2025-02,CUS-0204,North East,Online,Beauty,Skin Care Set,1,44.13,18,0,44.13,18,26.13,4.1,No
ORD-01453,2025-02-02,2025-02,CUS-0028,South East,Marketplace,Sports,Yoga Mat,4,31.05,12,0.2,99.36,48,51.36,4.1,No
ORD-00726,2025-02-02,2025-02,CUS-0255,Scotland,Store,Sports,Fitness Tracker,3,53.2,27,0.1,143.64,81,62.64,3.3,No
ORD-00118,2025-02-03,2025-02,CUS-0482,London,Online,Fashion,Classic Trainers,4,69.17,32,0,276.68,128,148.68,3.9,No
ORD-01438,2025-02-04,2025-02,CUS-0537,North East,Online,Fashion,Classic Trainers,4,67.14,32,0.2,214.85,128,86.85,3.7,No
ORD-01518,2025-02-05,2025-02,CUS-0605,North West,Store,Home,Air Fryer,5,125.41,69,0.2,501.64,345,156.64,4.7,No
ORD-00718,2025-02-05,2025-02,CUS-0396,South West,Online,Electronics,Bluetooth Speaker,3,61.8,34,0,185.4,102,83.4,5,No
ORD-00653,2025-02-05,2025-02,CUS-0524,London,Store,Home,Air Fryer,4,125.95,69,0,503.8,276,227.8,5,No
ORD-01066,2025-02-05,2025-02,CUS-0165,Wales,Marketplace,Books,Data Analytics Handbook,5,40.59,14,0,202.95,70,132.95,3.5,No
ORD-01224,2025-02-06,2025-02,CUS-0496,Scotland,Marketplace,Fashion,Backpack,3,51.77,21,0,155.31,63,92.31,4.4,No
ORD-00299,2025-02-06,2025-02,CUS-0426,North West,Marketplace,Electronics,Smart Watch,2,153.93,92,0.1,277.07,184,93.07,4.5,No
ORD-00737,2025-02-06,2025-02,CUS-0036,Midlands,Store,Fashion,Backpack,1,50.3,21,0.15,42.76,21,21.76,4.5,No
ORD-00435,2025-02-07,2025-02,CUS-0280,North East,Online,Electronics,Smart Watch,3,166.55,92,0.15,424.7,276,148.7,4.8,Yes
ORD-01191,2025-02-07,2025-02,CUS-0236,London,Online,Fashion,Classic Trainers,1,71.01,32,0,71.01,32,39.01,3.3,No
ORD-00584,2025-02-07,2025-02,CUS-0418,South East,Online,Sports,Running Shoes,1,79.18,38,0.05,75.22,38,37.22,4.7,No
ORD-00345,2025-02-07,2025-02,CUS-0337,Scotland,Marketplace,Sports,Yoga Mat,4,31.14,12,0.05,118.33,48,70.33,4.2,No
ORD-00747,2025-02-08,2025-02,CUS-0481,North East,Online,Home,Air Fryer,3,120.43,69,0.1,325.16,207,118.16,4.4,No
ORD-01299,2025-02-08,2025-02,CUS-0396,Wales,Store,Books,Data Analytics Handbook,2,40.82,14,0.15,69.39,28,41.39,3.9,No
ORD-00322,2025-02-09,2025-02,CUS-0135,Midlands,Store,Sports,Running Shoes,4,82.95,38,0.1,298.62,152,146.62,4.1,Yes
ORD-00878,2025-02-10,2025-02,CUS-0452,North West,Marketplace,Beauty,Skin Care Set,1,43.99,18,0.05,41.79,18,23.79,3.4,No
ORD-00271,2025-02-11,2025-02,CUS-0122,Wales,Store,Beauty,Hair Dryer,1,62.77,29,0,62.77,29,33.77,4.2,No
ORD-00947,2025-02-12,2025-02,CUS-0620,North East,Store,Home,Air Fryer,3,119.63,69,0,358.89,207,151.89,3.6,No
ORD-01413,2025-02-14,2025-02,CUS-0083,North West,Online,Sports,Running Shoes,5,79.64,38,0,398.2,190,208.2,4.7,Yes
ORD-00750,2025-02-14,2025-02,CUS-0349,North East,Store,Books,Business Intelligence Guide,4,35.81,12,0,143.24,48,95.24,3.9,No
ORD-01331,2025-02-14,2025-02,CUS-0249,Midlands,Store,Fashion,Winter Jacket,3,96.25,46,0.2,231,138,93,3.5,No
ORD-00035,2025-02-14,2025-02,CUS-0078,North East,Store,Home,Air Fryer,4,115.33,69,0.05,438.25,276,162.25,3.8,No
ORD-00242,2025-02-14,2025-02,CUS-0082,Scotland,Store,Sports,Running Shoes,2,76.36,38,0.05,145.08,76,69.08,3.5,No
ORD-00425,2025-02-15,2025-02,CUS-0372,Wales,Store,Electronics,Smart Watch,2,161.06,92,0.15,273.8,184,89.8,4.8,Yes
ORD-00478,2025-02-15,2025-02,CUS-0080,North East,Online,Sports,Fitness Tracker,2,55.96,27,0.1,100.73,54,46.73,4.6,No
ORD-01691,2025-02-15,2025-02,CUS-0480,South West,Marketplace,Fashion,Winter Jacket,3,96.12,46,0,288.36,138,150.36,3.8,No
ORD-00966,2025-02-16,2025-02,CUS-0518,Wales,Marketplace,Sports,Running Shoes,2,76.88,38,0,153.76,76,77.76,3.3,No
ORD-00788,2025-02-17,2025-02,CUS-0223,Scotland,Online,Fashion,Classic Trainers,1,66.71,32,0,66.71,32,34.71,4.5,No
ORD-00309,2025-02-18,2025-02,CUS-0467,North East,Store,Electronics,Wireless Headphones,2,94.37,48,0,188.74,96,92.74,3.9,No
ORD-01682,2025-02-18,2025-02,CUS-0264,North East,Store,Electronics,Bluetooth Speaker,1,65.21,34,0.05,61.95,34,27.95,3.8,No
ORD-01054,2025-02-18,2025-02,CUS-0002,Midlands,Online,Home,Coffee Maker,3,72.44,41,0.05,206.45,123,83.45,4.6,No
ORD-00256,2025-02-18,2025-02,CUS-0017,North East,Marketplace,Books,Business Intelligence Guide,5,35.25,12,0.2,141,60,81,4.3,No
ORD-01685,2025-02-19,2025-02,CUS-0063,Wales,Online,Home,Coffee Maker,1,77.77,41,0.2,62.22,41,21.22,4.6,No
ORD-00640,2025-02-20,2025-02,CUS-0549,Wales,Marketplace,Sports,Running Shoes,1,77.32,38,0.05,73.45,38,35.45,4.8,No
ORD-00933,2025-02-20,2025-02,CUS-0464,South West,Marketplace,Home,Coffee Maker,2,73.38,41,0.15,124.75,82,42.75,5,No
ORD-00146,2025-02-20,2025-02,CUS-0019,Midlands,Online,Beauty,Hair Dryer,4,62.56,29,0.05,237.73,116,121.73,3.4,No
ORD-00571,2025-02-20,2025-02,CUS-0431,North West,Online,Sports,Running Shoes,1,76.27,38,0,76.27,38,38.27,3.5,No
ORD-01126,2025-02-21,2025-02,CUS-0264,North East,Marketplace,Electronics,Smart Watch,1,161.42,92,0,161.42,92,69.42,4.4,No
ORD-00422,2025-02-21,2025-02,CUS-0165,Scotland,Online,Electronics,Bluetooth Speaker,1,66.57,34,0.05,63.24,34,29.24,4.6,No
ORD-01098,2025-02-22,2025-02,CUS-0617,North West,Marketplace,Home,Air Fryer,3,117.91,69,0,353.73,207,146.73,5,No
ORD-00646,2025-02-22,2025-02,CUS-0413,South West,Store,Beauty,Hair Dryer,2,61.42,29,0.2,98.27,58,40.27,5,No
ORD-00887,2025-02-24,2025-02,CUS-0450,South East,Marketplace,Books,Data Analytics Handbook,2,39.42,14,0.05,74.9,28,46.9,3.3,No
ORD-01568,2025-02-24,2025-02,CUS-0321,London,Marketplace,Electronics,Wireless Headphones,4,93.51,48,0,374.04,192,182.04,3.8,No
ORD-00618,2025-02-24,2025-02,CUS-0352,Midlands,Online,Sports,Yoga Mat,5,29.47,12,0.1,132.62,60,72.62,3.4,No
ORD-00132,2025-02-24,2025-02,CUS-0290,North West,Store,Fashion,Classic Trainers,2,66.82,32,0.15,113.59,64,49.59,3.5,No
ORD-00177,2025-02-25,2025-02,CUS-0579,Scotland,Marketplace,Beauty,Skin Care Set,2,46.18,18,0,92.36,36,56.36,4.3,No
ORD-00277,2025-02-25,2025-02,CUS-0124,South East,Store,Electronics,Bluetooth Speaker,2,67.06,34,0,134.12,68,66.12,3.8,No
ORD-01626,2025-02-25,2025-02,CUS-0512,Midlands,Online,Home,Coffee Maker,2,73.24,41,0.15,124.51,82,42.51,4.1,No
ORD-01760,2025-02-25,2025-02,CUS-0491,Midlands,Store,Beauty,Skin Care Set,3,44.62,18,0,133.86,54,79.86,5,No
ORD-01781,2025-02-25,2025-02,CUS-0106,Wales,Store,Fashion,Backpack,4,47.77,21,0,191.08,84,107.08,4.7,No
ORD-01193,2025-02-25,2025-02,CUS-0408,North West,Marketplace,Home,Desk Lamp,2,36.04,17,0.1,64.87,34,30.87,4.3,No
ORD-00953,2025-02-26,2025-02,CUS-0416,North West,Marketplace,Sports,Running Shoes,3,77.68,38,0.2,186.43,114,72.43,3.7,Yes
ORD-01589,2025-02-27,2025-02,CUS-0217,South West,Marketplace,Home,Air Fryer,4,124.96,69,0.05,474.85,276,198.85,4.5,No
ORD-01669,2025-02-27,2025-02,CUS-0397,South East,Marketplace,Sports,Fitness Tracker,3,52.37,27,0.05,149.25,81,68.25,5,No
ORD-00297,2025-02-27,2025-02,CUS-0599,Wales,Online,Electronics,Bluetooth Speaker,5,62.7,34,0,313.5,170,143.5,4.8,No
ORD-01707,2025-02-27,2025-02,CUS-0156,Wales,Marketplace,Books,Data Analytics Handbook,4,38.78,14,0,155.12,56,99.12,5,No
ORD-00234,2025-02-27,2025-02,CUS-0202,North East,Store,Electronics,Smart Watch,5,166.07,92,0.05,788.83,460,328.83,4.9,No
ORD-00419,2025-02-28,2025-02,CUS-0420,Midlands,Marketplace,Electronics,Wireless Headphones,4,88.94,48,0.2,284.61,192,92.61,4.4,No
ORD-01570,2025-03-02,2025-03,CUS-0201,North East,Online,Books,Business Intelligence Guide,1,35.16,12,0.05,33.4,12,21.4,4.8,No
ORD-01528,2025-03-02,2025-03,CUS-0329,Wales,Store,Electronics,Wireless Headphones,4,93.68,48,0.05,355.98,192,163.98,4.3,Yes
ORD-01371,2025-03-02,2025-03,CUS-0366,Scotland,Online,Electronics,Smart Watch,4,154.08,92,0.15,523.87,368,155.87,4.2,Yes
ORD-00455,2025-03-02,2025-03,CUS-0517,North East,Store,Electronics,Bluetooth Speaker,1,65.56,34,0.2,52.45,34,18.45,4.1,No
ORD-00664,2025-03-04,2025-03,CUS-0110,London,Store,Fashion,Classic Trainers,4,67.91,32,0.15,230.89,128,102.89,3.7,No
ORD-00729,2025-03-04,2025-03,CUS-0297,London,Online,Home,Coffee Maker,2,72.3,41,0.05,137.37,82,55.37,3.6,No
ORD-01254,2025-03-04,2025-03,CUS-0506,London,Online,Beauty,Skin Care Set,3,43.82,18,0.1,118.31,54,64.31,3.4,Yes
ORD-01106,2025-03-04,2025-03,CUS-0167,Wales,Store,Home,Coffee Maker,5,72.8,41,0,364,205,159,4.4,No
ORD-00474,2025-03-05,2025-03,CUS-0168,South East,Store,Home,Coffee Maker,4,77.87,41,0,311.48,164,147.48,5,No
ORD-00338,2025-03-05,2025-03,CUS-0469,Scotland,Online,Home,Air Fryer,2,114.6,69,0.15,194.82,138,56.82,3.4,No
ORD-00724,2025-03-05,2025-03,CUS-0135,North East,Marketplace,Beauty,Skin Care Set,4,44,18,0,176,72,104,4.3,No
ORD-00491,2025-03-06,2025-03,CUS-0559,London,Marketplace,Fashion,Classic Trainers,2,70.51,32,0,141.02,64,77.02,5,No
ORD-00896,2025-03-06,2025-03,CUS-0079,North East,Marketplace,Electronics,Smart Watch,4,154.18,92,0.05,585.88,368,217.88,4.2,No
ORD-01393,2025-03-07,2025-03,CUS-0128,Wales,Marketplace,Home,Air Fryer,5,122.39,69,0.05,581.35,345,236.35,3.6,No
ORD-00652,2025-03-07,2025-03,CUS-0259,Scotland,Marketplace,Home,Desk Lamp,3,33.97,17,0.15,86.62,51,35.62,4.3,No
ORD-01486,2025-03-07,2025-03,CUS-0070,North East,Online,Sports,Yoga Mat,3,28.71,12,0.05,81.82,36,45.82,3.8,No
ORD-00029,2025-03-07,2025-03,CUS-0071,North East,Store,Books,Business Intelligence Guide,3,35.74,12,0.15,91.14,36,55.14,3.9,No
ORD-00880,2025-03-08,2025-03,CUS-0503,South West,Store,Books,Business Intelligence Guide,5,34.12,12,0.1,153.54,60,93.54,4.4,No
ORD-00956,2025-03-08,2025-03,CUS-0099,North East,Online,Beauty,Hair Dryer,5,59.95,29,0.2,239.8,145,94.8,4.2,No
ORD-00218,2025-03-09,2025-03,CUS-0456,Wales,Store,Home,Air Fryer,4,124.32,69,0.15,422.69,276,146.69,4.6,No
ORD-01572,2025-03-09,2025-03,CUS-0597,Midlands,Marketplace,Home,Desk Lamp,5,34.21,17,0.2,136.84,85,51.84,4.7,No
ORD-00470,2025-03-09,2025-03,CUS-0423,Scotland,Store,Sports,Fitness Tracker,3,53.83,27,0.05,153.42,81,72.42,3.7,No
ORD-01402,2025-03-09,2025-03,CUS-0521,London,Store,Beauty,Hair Dryer,2,61.43,29,0,122.86,58,64.86,3.9,No
ORD-00971,2025-03-10,2025-03,CUS-0392,Scotland,Marketplace,Electronics,Bluetooth Speaker,3,62.89,34,0,188.67,102,86.67,5,No
ORD-00712,2025-03-10,2025-03,CUS-0496,North West,Online,Home,Air Fryer,2,117.01,69,0,234.02,138,96.02,4.5,No
ORD-01435,2025-03-11,2025-03,CUS-0535,Wales,Store,Books,Business Intelligence Guide,1,35.06,12,0,35.06,12,23.06,3.9,No
ORD-00334,2025-03-11,2025-03,CUS-0301,North West,Store,Electronics,Bluetooth Speaker,5,66.4,34,0.15,282.2,170,112.2,4.9,Yes
ORD-01058,2025-03-11,2025-03,CUS-0120,Scotland,Online,Books,Business Intelligence Guide,5,35.09,12,0.15,149.13,60,89.13,4.5,No
ORD-01110,2025-03-12,2025-03,CUS-0218,London,Store,Electronics,Bluetooth Speaker,2,62.96,34,0.05,119.62,68,51.62,4.2,No
ORD-00624,2025-03-12,2025-03,CUS-0526,North East,Marketplace,Fashion,Winter Jacket,3,99.6,46,0.1,268.92,138,130.92,5,No
ORD-01221,2025-03-13,2025-03,CUS-0604,North East,Marketplace,Books,Data Analytics Handbook,1,41.54,14,0,41.54,14,27.54,3.8,No
ORD-00031,2025-03-13,2025-03,CUS-0251,South West,Marketplace,Home,Desk Lamp,2,33.33,17,0,66.66,34,32.66,4.2,No
ORD-01192,2025-03-13,2025-03,CUS-0214,Scotland,Marketplace,Beauty,Hair Dryer,3,57.7,29,0.15,147.14,87,60.14,3.4,No
ORD-00809,2025-03-13,2025-03,CUS-0610,Scotland,Online,Home,Desk Lamp,3,36.53,17,0,109.59,51,58.59,4.3,No
ORD-00575,2025-03-13,2025-03,CUS-0305,North East,Online,Home,Air Fryer,3,118.07,69,0.15,301.08,207,94.08,4.8,No
ORD-01378,2025-03-13,2025-03,CUS-0445,Scotland,Marketplace,Fashion,Classic Trainers,4,73.39,32,0,293.56,128,165.56,4.9,No
ORD-01652,2025-03-13,2025-03,CUS-0618,Scotland,Marketplace,Fashion,Winter Jacket,1,92.26,46,0.05,87.65,46,41.65,3.6,No
ORD-00990,2025-03-14,2025-03,CUS-0025,South East,Marketplace,Sports,Running Shoes,1,78.22,38,0.1,70.4,38,32.4,3.8,No
ORD-01252,2025-03-14,2025-03,CUS-0183,Wales,Marketplace,Home,Air Fryer,2,118.87,69,0.05,225.85,138,87.85,4.8,No
ORD-00759,2025-03-14,2025-03,CUS-0506,North West,Store,Fashion,Backpack,1,51.15,21,0.05,48.59,21,27.59,3.5,No
ORD-01300,2025-03-14,2025-03,CUS-0517,Scotland,Store,Fashion,Classic Trainers,4,71.15,32,0.1,256.14,128,128.14,5,No
ORD-01269,2025-03-14,2025-03,CUS-0369,South East,Marketplace,Fashion,Winter Jacket,5,99.15,46,0,495.75,230,265.75,4.4,Yes
ORD-00511,2025-03-14,2025-03,CUS-0187,North West,Marketplace,Home,Air Fryer,5,116.98,69,0.2,467.92,345,122.92,3.6,No
ORD-01027,2025-03-14,2025-03,CUS-0579,Midlands,Online,Sports,Running Shoes,2,80.83,38,0,161.66,76,85.66,3.6,No
ORD-00314,2025-03-14,2025-03,CUS-0539,Scotland,Marketplace,Home,Desk Lamp,2,34.42,17,0.1,61.96,34,27.96,3.3,No
ORD-01310,2025-03-14,2025-03,CUS-0003,London,Store,Fashion,Backpack,3,48.45,21,0.1,130.82,63,67.82,4.7,No
ORD-01690,2025-03-16,2025-03,CUS-0446,North East,Online,Home,Air Fryer,4,121.88,69,0.2,390.02,276,114.02,5,Yes
ORD-01059,2025-03-16,2025-03,CUS-0266,North West,Marketplace,Books,Business Intelligence Guide,4,34.37,12,0.2,109.98,48,61.98,4.7,No
ORD-00121,2025-03-17,2025-03,CUS-0324,North West,Store,Electronics,Bluetooth Speaker,3,66.29,34,0,198.87,102,96.87,3.5,Yes
ORD-01069,2025-03-18,2025-03,CUS-0222,Wales,Marketplace,Beauty,Skin Care Set,5,42.91,18,0,214.55,90,124.55,4.3,No
ORD-00240,2025-03-19,2025-03,CUS-0092,London,Marketplace,Home,Desk Lamp,4,34.94,17,0,139.76,68,71.76,3.5,No
ORD-00075,2025-03-19,2025-03,CUS-0452,North East,Marketplace,Electronics,Smart Watch,5,158.29,92,0.1,712.31,460,252.31,4.5,No
ORD-01415,2025-03-19,2025-03,CUS-0311,South East,Marketplace,Electronics,Wireless Headphones,2,88.55,48,0,177.1,96,81.1,4.9,No
ORD-00431,2025-03-20,2025-03,CUS-0424,North East,Online,Books,Data Analytics Handbook,5,39.47,14,0,197.35,70,127.35,4.6,No
ORD-01237,2025-03-20,2025-03,CUS-0422,Midlands,Store,Sports,Fitness Tracker,5,52.96,27,0,264.8,135,129.8,3.3,Yes
ORD-00381,2025-03-21,2025-03,CUS-0206,North West,Store,Fashion,Winter Jacket,4,91.56,46,0.1,329.62,184,145.62,4.1,No
ORD-01174,2025-03-22,2025-03,CUS-0329,North West,Marketplace,Sports,Yoga Mat,2,30.46,12,0,60.92,24,36.92,3.9,No
ORD-01286,2025-03-22,2025-03,CUS-0071,Wales,Marketplace,Electronics,Smart Watch,4,155.62,92,0.05,591.36,368,223.36,3.4,No
ORD-01440,2025-03-22,2025-03,CUS-0335,Wales,Online,Sports,Yoga Mat,5,28.7,12,0.05,136.32,60,76.32,4.5,No
ORD-01073,2025-03-23,2025-03,CUS-0098,Midlands,Online,Beauty,Skin Care Set,3,45.48,18,0,136.44,54,82.44,3.9,No
ORD-01767,2025-03-23,2025-03,CUS-0550,North East,Store,Fashion,Classic Trainers,2,69.14,32,0.2,110.62,64,46.62,4.9,No
ORD-00438,2025-03-24,2025-03,CUS-0048,Scotland,Online,Fashion,Backpack,1,52.19,21,0.2,41.75,21,20.75,4.6,No
ORD-01046,2025-03-24,2025-03,CUS-0470,Wales,Online,Beauty,Hair Dryer,3,60.1,29,0.15,153.26,87,66.26,4.2,No
ORD-01400,2025-03-25,2025-03,CUS-0588,North East,Marketplace,Electronics,Smart Watch,3,165.19,92,0,495.57,276,219.57,3.7,No
ORD-00833,2025-03-26,2025-03,CUS-0116,North West,Marketplace,Books,Data Analytics Handbook,2,41.18,14,0.15,70.01,28,42.01,5,No
ORD-01625,2025-03-26,2025-03,CUS-0186,London,Online,Home,Coffee Maker,2,74.95,41,0.15,127.42,82,45.42,4.5,No
ORD-01668,2025-03-26,2025-03,CUS-0448,North West,Online,Beauty,Hair Dryer,3,57.69,29,0.2,138.46,87,51.46,4.7,No
ORD-00705,2025-03-26,2025-03,CUS-0212,South West,Online,Home,Desk Lamp,2,35.65,17,0,71.3,34,37.3,3.5,No
ORD-00998,2025-03-27,2025-03,CUS-0532,Scotland,Store,Fashion,Backpack,1,48.5,21,0.1,43.65,21,22.65,4.3,No
ORD-00162,2025-03-27,2025-03,CUS-0015,South East,Online,Beauty,Hair Dryer,5,62.96,29,0.1,283.32,145,138.32,5,No
ORD-00907,2025-03-28,2025-03,CUS-0333,London,Online,Sports,Running Shoes,3,83.01,38,0,249.03,114,135.03,4.5,No
ORD-00881,2025-03-28,2025-03,CUS-0089,North East,Store,Sports,Fitness Tracker,3,55.25,27,0.05,157.46,81,76.46,4.8,No
ORD-00224,2025-03-28,2025-03,CUS-0164,South East,Marketplace,Home,Desk Lamp,2,33.37,17,0.15,56.73,34,22.73,4.5,No
ORD-01496,2025-03-28,2025-03,CUS-0513,London,Online,Electronics,Bluetooth Speaker,2,63.05,34,0.15,107.18,68,39.18,4.1,No
ORD-00970,2025-03-28,2025-03,CUS-0335,North East,Store,Fashion,Classic Trainers,5,68.01,32,0,340.05,160,180.05,3.3,No
ORD-00433,2025-03-28,2025-03,CUS-0581,North East,Store,Electronics,Wireless Headphones,5,87.95,48,0,439.75,240,199.75,3.2,No
ORD-00368,2025-03-29,2025-03,CUS-0557,North East,Store,Home,Desk Lamp,4,34.46,17,0,137.84,68,69.84,3.8,No
ORD-00153,2025-03-29,2025-03,CUS-0115,South East,Marketplace,Books,Business Intelligence Guide,1,34.53,12,0,34.53,12,22.53,3.7,No
ORD-00636,2025-03-29,2025-03,CUS-0043,North West,Marketplace,Sports,Yoga Mat,4,28.9,12,0.05,109.82,48,61.82,4.8,No
ORD-00210,2025-03-30,2025-03,CUS-0221,Midlands,Store,Sports,Running Shoes,4,83.02,38,0,332.08,152,180.08,4.2,No
ORD-01614,2025-03-30,2025-03,CUS-0315,Midlands,Online,Sports,Yoga Mat,1,29.45,12,0.2,23.56,12,11.56,5,No
ORD-01649,2025-03-31,2025-03,CUS-0481,South East,Store,Electronics,Wireless Headphones,5,92.05,48,0.15,391.21,240,151.21,4.4,No
ORD-01444,2025-04-01,2025-04,CUS-0333,Wales,Marketplace,Home,Desk Lamp,3,35.91,17,0.2,86.18,51,35.18,4.9,Yes
ORD-01383,2025-04-01,2025-04,CUS-0028,North West,Store,Sports,Fitness Tracker,5,53.43,27,0.15,227.08,135,92.08,4.3,No
ORD-00869,2025-04-01,2025-04,CUS-0170,Scotland,Online,Sports,Fitness Tracker,3,52.73,27,0,158.19,81,77.19,4.2,No
ORD-01481,2025-04-01,2025-04,CUS-0116,South West,Store,Fashion,Classic Trainers,1,69.86,32,0,69.86,32,37.86,5,No
ORD-01491,2025-04-01,2025-04,CUS-0213,South West,Store,Fashion,Backpack,5,51.55,21,0.2,206.2,105,101.2,4.7,No
ORD-00191,2025-04-02,2025-04,CUS-0131,London,Store,Beauty,Hair Dryer,5,62.87,29,0,314.35,145,169.35,5,No
ORD-00420,2025-04-02,2025-04,CUS-0004,North West,Store,Electronics,Smart Watch,3,160.69,92,0,482.07,276,206.07,3.8,No
ORD-00531,2025-04-03,2025-04,CUS-0378,North West,Marketplace,Books,Business Intelligence Guide,1,35.06,12,0.1,31.55,12,19.55,4.6,Yes
ORD-01638,2025-04-04,2025-04,CUS-0030,North East,Store,Sports,Fitness Tracker,3,54.36,27,0.05,154.93,81,73.93,4.9,No
ORD-01473,2025-04-04,2025-04,CUS-0003,Midlands,Marketplace,Beauty,Skin Care Set,3,43.83,18,0,131.49,54,77.49,4.7,No
ORD-00340,2025-04-04,2025-04,CUS-0145,South East,Marketplace,Electronics,Wireless Headphones,5,87.38,48,0,436.9,240,196.9,3.2,No
ORD-00398,2025-04-05,2025-04,CUS-0140,South West,Online,Beauty,Skin Care Set,2,43.8,18,0,87.6,36,51.6,5,No
ORD-01089,2025-04-05,2025-04,CUS-0533,Midlands,Store,Sports,Running Shoes,1,80.85,38,0,80.85,38,42.85,4.8,No
ORD-00497,2025-04-05,2025-04,CUS-0200,Scotland,Marketplace,Electronics,Bluetooth Speaker,4,65.84,34,0.2,210.69,136,74.69,3.5,No
ORD-00276,2025-04-05,2025-04,CUS-0061,North West,Marketplace,Sports,Fitness Tracker,1,54.71,27,0.15,46.5,27,19.5,4.4,No
ORD-01009,2025-04-06,2025-04,CUS-0577,London,Online,Fashion,Backpack,1,47.51,21,0.2,38.01,21,17.01,4.7,No
ORD-00617,2025-04-06,2025-04,CUS-0369,South East,Online,Sports,Running Shoes,4,81.37,38,0.2,260.38,152,108.38,3.7,No
ORD-01392,2025-04-06,2025-04,CUS-0483,Midlands,Store,Electronics,Wireless Headphones,4,91.55,48,0.1,329.58,192,137.58,3.4,No
ORD-00099,2025-04-06,2025-04,CUS-0190,South East,Store,Beauty,Hair Dryer,2,57.3,29,0,114.6,58,56.6,3.3,No
ORD-00273,2025-04-07,2025-04,CUS-0265,Wales,Store,Electronics,Wireless Headphones,3,91.99,48,0.1,248.37,144,104.37,5,No
ORD-00212,2025-04-08,2025-04,CUS-0435,South West,Online,Home,Air Fryer,5,114.56,69,0.15,486.88,345,141.88,5,No
ORD-01416,2025-04-08,2025-04,CUS-0018,Wales,Marketplace,Books,Business Intelligence Guide,4,35.52,12,0,142.08,48,94.08,4.2,No
ORD-00731,2025-04-10,2025-04,CUS-0084,North West,Store,Fashion,Winter Jacket,3,98.74,46,0.05,281.41,138,143.41,4.3,No
ORD-00465,2025-04-10,2025-04,CUS-0106,Wales,Online,Sports,Running Shoes,3,82.63,38,0.1,223.1,114,109.1,4.5,No
ORD-00439,2025-04-12,2025-04,CUS-0219,North West,Store,Fashion,Classic Trainers,2,71.02,32,0,142.04,64,78.04,4.7,No
ORD-01255,2025-04-12,2025-04,CUS-0610,Wales,Store,Electronics,Smart Watch,3,165.09,92,0.2,396.22,276,120.22,4,No
ORD-00204,2025-04-12,2025-04,CUS-0502,South East,Marketplace,Home,Air Fryer,1,117.84,69,0.15,100.16,69,31.16,4.9,No
ORD-00915,2025-04-12,2025-04,CUS-0604,South East,Store,Fashion,Winter Jacket,1,95.36,46,0,95.36,46,49.36,4.8,No
ORD-01441,2025-04-13,2025-04,CUS-0044,Midlands,Online,Electronics,Bluetooth Speaker,1,62,34,0.1,55.8,34,21.8,3.3,No
ORD-01411,2025-04-13,2025-04,CUS-0195,North East,Online,Beauty,Skin Care Set,4,45.34,18,0,181.36,72,109.36,3.8,No
ORD-01184,2025-04-13,2025-04,CUS-0511,North East,Online,Fashion,Backpack,4,49.85,21,0,199.4,84,115.4,3.9,No
ORD-01488,2025-04-14,2025-04,CUS-0468,Midlands,Online,Books,Data Analytics Handbook,1,41.83,14,0.15,35.56,14,21.56,5,No
ORD-00280,2025-04-14,2025-04,CUS-0038,South East,Marketplace,Fashion,Backpack,3,49.18,21,0.05,140.16,63,77.16,5,No
ORD-00209,2025-04-15,2025-04,CUS-0267,Midlands,Store,Books,Data Analytics Handbook,4,39.09,14,0,156.36,56,100.36,5,No
ORD-00310,2025-04-15,2025-04,CUS-0245,South East,Store,Fashion,Winter Jacket,5,94.81,46,0.2,379.24,230,149.24,3.2,No
ORD-01111,2025-04-15,2025-04,CUS-0487,North West,Store,Sports,Running Shoes,5,79.89,38,0,399.45,190,209.45,3.9,No
ORD-00157,2025-04-15,2025-04,CUS-0161,South West,Online,Electronics,Wireless Headphones,3,94.48,48,0,283.44,144,139.44,4.3,No
ORD-01723,2025-04-16,2025-04,CUS-0480,Scotland,Online,Beauty,Skin Care Set,3,46.53,18,0.15,118.65,54,64.65,4.9,No
ORD-00070,2025-04-16,2025-04,CUS-0534,North West,Marketplace,Beauty,Hair Dryer,3,58.58,29,0,175.74,87,88.74,3.7,No
ORD-00742,2025-04-16,2025-04,CUS-0584,Midlands,Online,Sports,Yoga Mat,1,31.38,12,0,31.38,12,19.38,3.7,No
ORD-00159,2025-04-17,2025-04,CUS-0106,Wales,Online,Home,Coffee Maker,5,76.25,41,0.15,324.06,205,119.06,4.6,No
ORD-01063,2025-04-17,2025-04,CUS-0363,Wales,Marketplace,Fashion,Winter Jacket,3,92,46,0.1,248.4,138,110.4,4.6,No
ORD-01634,2025-04-18,2025-04,CUS-0332,Wales,Marketplace,Home,Desk Lamp,4,36.06,17,0.05,137.03,68,69.03,4.9,No
ORD-01445,2025-04-18,2025-04,CUS-0324,North East,Marketplace,Electronics,Wireless Headphones,5,88.86,48,0,444.3,240,204.3,4.1,No
ORD-00692,2025-04-18,2025-04,CUS-0112,South West,Online,Electronics,Bluetooth Speaker,2,66.12,34,0,132.24,68,64.24,3.3,No
ORD-00590,2025-04-19,2025-04,CUS-0388,Scotland,Store,Electronics,Smart Watch,3,167.74,92,0.05,478.06,276,202.06,4.9,No
ORD-00475,2025-04-20,2025-04,CUS-0568,South East,Marketplace,Electronics,Smart Watch,2,163.37,92,0,326.74,184,142.74,3.6,No
ORD-01099,2025-04-20,2025-04,CUS-0490,North East,Online,Home,Desk Lamp,3,33.74,17,0.15,86.04,51,35.04,4,No
ORD-01676,2025-04-20,2025-04,CUS-0198,South West,Store,Electronics,Wireless Headphones,2,87.71,48,0.05,166.65,96,70.65,3.3,No
ORD-00756,2025-04-21,2025-04,CUS-0228,Wales,Online,Home,Desk Lamp,5,34.35,17,0.2,137.4,85,52.4,3.6,No
ORD-01675,2025-04-22,2025-04,CUS-0443,Midlands,Store,Home,Desk Lamp,4,34.53,17,0,138.12,68,70.12,3.2,No
ORD-01018,2025-04-22,2025-04,CUS-0604,South West,Store,Sports,Running Shoes,2,83.06,38,0.1,149.51,76,73.51,4.6,No
ORD-00317,2025-04-22,2025-04,CUS-0419,North East,Marketplace,Home,Air Fryer,5,114.55,69,0.2,458.2,345,113.2,4.7,Yes
ORD-01095,2025-04-22,2025-04,CUS-0103,South East,Online,Fashion,Classic Trainers,3,68.98,32,0.1,186.25,96,90.25,3.7,No
ORD-00908,2025-04-23,2025-04,CUS-0538,London,Online,Home,Desk Lamp,1,35.11,17,0.1,31.6,17,14.6,4.7,No
ORD-00015,2025-04-23,2025-04,CUS-0313,Scotland,Online,Sports,Running Shoes,2,79.26,38,0,158.52,76,82.52,4.8,No
ORD-01007,2025-04-23,2025-04,CUS-0526,North West,Online,Beauty,Skin Care Set,2,43.77,18,0.1,78.79,36,42.79,3.7,No
ORD-01105,2025-04-23,2025-04,CUS-0449,Wales,Online,Electronics,Smart Watch,1,156.86,92,0.2,125.49,92,33.49,4.8,No
ORD-00143,2025-04-24,2025-04,CUS-0179,North West,Store,Electronics,Bluetooth Speaker,2,65.54,34,0.1,117.97,68,49.97,4.1,No
ORD-00753,2025-04-24,2025-04,CUS-0509,South East,Store,Beauty,Hair Dryer,5,61.24,29,0.1,275.58,145,130.58,3.4,No
ORD-00597,2025-04-24,2025-04,CUS-0216,London,Store,Sports,Fitness Tracker,4,52.24,27,0,208.96,108,100.96,3.2,No
ORD-00189,2025-04-26,2025-04,CUS-0407,South East,Online,Electronics,Smart Watch,2,159.39,92,0.05,302.84,184,118.84,4,No
ORD-00366,2025-04-26,2025-04,CUS-0500,Midlands,Store,Home,Air Fryer,3,123.16,69,0,369.48,207,162.48,4.3,No
ORD-00257,2025-04-26,2025-04,CUS-0426,Midlands,Store,Electronics,Smart Watch,4,162.77,92,0.15,553.42,368,185.42,3.4,Yes
ORD-00021,2025-04-28,2025-04,CUS-0216,Midlands,Store,Electronics,Wireless Headphones,3,92.38,48,0,277.14,144,133.14,4.2,No
ORD-01519,2025-04-29,2025-04,CUS-0496,South East,Store,Books,Data Analytics Handbook,3,38.9,14,0,116.7,42,74.7,3.9,No
ORD-01517,2025-04-29,2025-04,CUS-0188,South East,Online,Home,Coffee Maker,5,74.15,41,0.2,296.6,205,91.6,5,No
ORD-00733,2025-05-01,2025-05,CUS-0448,Midlands,Store,Beauty,Hair Dryer,4,57.68,29,0.05,219.18,116,103.18,3.5,No
ORD-01541,2025-05-01,2025-05,CUS-0022,London,Store,Beauty,Hair Dryer,5,57.58,29,0.05,273.5,145,128.5,5,No
ORD-00110,2025-05-01,2025-05,CUS-0286,London,Online,Beauty,Skin Care Set,1,42.92,18,0.05,40.77,18,22.77,4.2,No
ORD-01724,2025-05-02,2025-05,CUS-0161,Scotland,Marketplace,Fashion,Backpack,5,48.95,21,0,244.75,105,139.75,3.3,No
ORD-01599,2025-05-03,2025-05,CUS-0428,North West,Store,Beauty,Hair Dryer,2,62.29,29,0.15,105.89,58,47.89,3.7,No
ORD-01436,2025-05-03,2025-05,CUS-0350,South East,Online,Books,Business Intelligence Guide,1,34.89,12,0.05,33.15,12,21.15,5,No
ORD-01100,2025-05-03,2025-05,CUS-0214,South East,Online,Sports,Yoga Mat,2,30.85,12,0.2,49.36,24,25.36,4.1,No
ORD-01765,2025-05-04,2025-05,CUS-0464,London,Store,Beauty,Hair Dryer,3,59.07,29,0,177.21,87,90.21,3.6,No
ORD-01550,2025-05-04,2025-05,CUS-0361,London,Online,Fashion,Classic Trainers,3,66.99,32,0,200.97,96,104.97,4.3,No
ORD-01013,2025-05-05,2025-05,CUS-0018,Scotland,Marketplace,Electronics,Smart Watch,1,152.47,92,0.15,129.6,92,37.6,3.8,No
ORD-00825,2025-05-05,2025-05,CUS-0326,North West,Marketplace,Electronics,Smart Watch,1,166.45,92,0,166.45,92,74.45,4,No
ORD-01565,2025-05-05,2025-05,CUS-0319,Scotland,Store,Beauty,Hair Dryer,2,58.19,29,0,116.38,58,58.38,3.9,No
ORD-01733,2025-05-05,2025-05,CUS-0536,South West,Online,Electronics,Bluetooth Speaker,1,65.71,34,0,65.71,34,31.71,5,No
ORD-00898,2025-05-06,2025-05,CUS-0527,Wales,Store,Books,Data Analytics Handbook,4,40.8,14,0.2,130.56,56,74.56,4.2,No
ORD-00720,2025-05-06,2025-05,CUS-0600,North East,Store,Sports,Yoga Mat,1,30.61,12,0.15,26.02,12,14.02,4.8,Yes
ORD-01721,2025-05-06,2025-05,CUS-0151,Scotland,Marketplace,Fashion,Classic Trainers,4,73.08,32,0.05,277.7,128,149.7,3.5,No
ORD-01552,2025-05-06,2025-05,CUS-0235,North West,Online,Electronics,Wireless Headphones,5,89.44,48,0.1,402.48,240,162.48,4.5,No
ORD-00011,2025-05-06,2025-05,CUS-0230,North East,Marketplace,Electronics,Bluetooth Speaker,1,63.91,34,0.05,60.71,34,26.71,5,No
ORD-00169,2025-05-07,2025-05,CUS-0347,North East,Store,Books,Data Analytics Handbook,1,39.23,14,0,39.23,14,25.23,4.5,No
ORD-00374,2025-05-07,2025-05,CUS-0036,Midlands,Store,Sports,Running Shoes,2,76.72,38,0,153.44,76,77.44,3.3,No
ORD-00354,2025-05-08,2025-05,CUS-0524,North East,Online,Fashion,Winter Jacket,2,97.13,46,0.05,184.55,92,92.55,4.8,No
ORD-00494,2025-05-08,2025-05,CUS-0257,Scotland,Store,Electronics,Wireless Headphones,5,90.36,48,0.1,406.62,240,166.62,4,No
ORD-01295,2025-05-08,2025-05,CUS-0263,North East,Store,Beauty,Hair Dryer,2,61.55,29,0,123.1,58,65.1,4.3,Yes
ORD-00569,2025-05-08,2025-05,CUS-0059,Scotland,Marketplace,Home,Air Fryer,3,125.93,69,0.2,302.23,207,95.23,4.5,Yes
ORD-01648,2025-05-09,2025-05,CUS-0486,South East,Online,Fashion,Backpack,5,51.64,21,0.05,245.29,105,140.29,5,No
ORD-01505,2025-05-09,2025-05,CUS-0225,South West,Marketplace,Electronics,Bluetooth Speaker,3,63.08,34,0,189.24,102,87.24,3.7,No
ORD-00619,2025-05-09,2025-05,CUS-0092,Wales,Marketplace,Home,Coffee Maker,5,77.06,41,0,385.3,205,180.3,3.8,No
ORD-00481,2025-05-09,2025-05,CUS-0328,South West,Online,Sports,Running Shoes,5,79.08,38,0.2,316.32,190,126.32,4.7,Yes
ORD-00838,2025-05-10,2025-05,CUS-0193,Wales,Online,Books,Business Intelligence Guide,1,34.59,12,0,34.59,12,22.59,3.2,No
ORD-00537,2025-05-11,2025-05,CUS-0361,Wales,Marketplace,Home,Desk Lamp,4,36.11,17,0,144.44,68,76.44,5,No
ORD-00748,2025-05-12,2025-05,CUS-0364,South East,Online,Fashion,Winter Jacket,3,90.66,46,0,271.98,138,133.98,4.2,No
ORD-00625,2025-05-12,2025-05,CUS-0404,London,Marketplace,Fashion,Backpack,5,49.61,21,0.2,198.44,105,93.44,4.8,No
ORD-01337,2025-05-12,2025-05,CUS-0356,Wales,Store,Sports,Fitness Tracker,3,53.88,27,0.2,129.31,81,48.31,3.3,No
ORD-01049,2025-05-14,2025-05,CUS-0017,South East,Marketplace,Home,Air Fryer,1,121.96,69,0.1,109.76,69,40.76,4.2,No
ORD-01082,2025-05-14,2025-05,CUS-0180,North East,Store,Fashion,Winter Jacket,1,94.5,46,0,94.5,46,48.5,3.6,No
ORD-01420,2025-05-15,2025-05,CUS-0508,London,Store,Fashion,Backpack,1,50.26,21,0.2,40.21,21,19.21,4.2,No
ORD-01323,2025-05-15,2025-05,CUS-0496,Scotland,Store,Fashion,Winter Jacket,5,94.97,46,0.2,379.88,230,149.88,4.5,No
ORD-01272,2025-05-15,2025-05,CUS-0105,Scotland,Store,Fashion,Winter Jacket,2,94.95,46,0.05,180.41,92,88.41,3.6,No
ORD-00553,2025-05-15,2025-05,CUS-0479,London,Store,Sports,Fitness Tracker,1,55.71,27,0,55.71,27,28.71,3.9,No
ORD-01035,2025-05-16,2025-05,CUS-0333,North East,Store,Electronics,Bluetooth Speaker,4,68.04,34,0.2,217.73,136,81.73,4,No
ORD-00752,2025-05-16,2025-05,CUS-0416,London,Marketplace,Sports,Fitness Tracker,4,57.1,27,0.05,216.98,108,108.98,5,No
ORD-00927,2025-05-17,2025-05,CUS-0236,South East,Marketplace,Books,Data Analytics Handbook,5,38.97,14,0,194.85,70,124.85,4,No
ORD-01646,2025-05-18,2025-05,CUS-0122,South West,Store,Beauty,Skin Care Set,5,43.71,18,0,218.55,90,128.55,4.5,No
ORD-01314,2025-05-18,2025-05,CUS-0063,Midlands,Online,Beauty,Hair Dryer,3,61.79,29,0,185.37,87,98.37,4.6,No
ORD-01196,2025-05-18,2025-05,CUS-0036,London,Store,Sports,Fitness Tracker,5,52.81,27,0.2,211.24,135,76.24,4.4,No
ORD-00685,2025-05-18,2025-05,CUS-0341,South West,Online,Beauty,Skin Care Set,1,46.42,18,0.15,39.46,18,21.46,3.9,No
ORD-01032,2025-05-18,2025-05,CUS-0615,London,Marketplace,Electronics,Bluetooth Speaker,1,62.07,34,0,62.07,34,28.07,3.9,No
ORD-01713,2025-05-18,2025-05,CUS-0137,Midlands,Marketplace,Fashion,Winter Jacket,3,97,46,0,291,138,153,3.5,No
ORD-00116,2025-05-19,2025-05,CUS-0060,Midlands,Marketplace,Fashion,Backpack,1,50.72,21,0.1,45.65,21,24.65,4.9,No
ORD-01201,2025-05-20,2025-05,CUS-0529,Wales,Store,Home,Desk Lamp,3,34.49,17,0.15,87.95,51,36.95,5,No
ORD-00198,2025-05-20,2025-05,CUS-0066,Midlands,Store,Sports,Fitness Tracker,4,54.72,27,0,218.88,108,110.88,4.1,No
ORD-01522,2025-05-20,2025-05,CUS-0137,Wales,Store,Home,Desk Lamp,1,35.46,17,0,35.46,17,18.46,3.8,No
ORD-00421,2025-05-20,2025-05,CUS-0275,South West,Online,Sports,Yoga Mat,3,31.41,12,0.05,89.52,36,53.52,3.3,No
ORD-01016,2025-05-22,2025-05,CUS-0481,North West,Store,Beauty,Hair Dryer,1,62.11,29,0.15,52.79,29,23.79,4.7,No
ORD-00230,2025-05-22,2025-05,CUS-0145,South West,Online,Sports,Fitness Tracker,4,57.07,27,0.2,182.62,108,74.62,4,No
ORD-01501,2025-05-22,2025-05,CUS-0033,Wales,Online,Books,Data Analytics Handbook,3,38.04,14,0.05,108.41,42,66.41,4.1,No
ORD-01593,2025-05-22,2025-05,CUS-0119,South East,Store,Home,Coffee Maker,2,77.11,41,0,154.22,82,72.22,5,No
ORD-00483,2025-05-22,2025-05,CUS-0571,North East,Store,Electronics,Wireless Headphones,3,85.99,48,0.05,245.07,144,101.07,5,No
ORD-00054,2025-05-23,2025-05,CUS-0479,South West,Store,Fashion,Classic Trainers,4,66.67,32,0,266.68,128,138.68,4.4,No
ORD-00807,2025-05-23,2025-05,CUS-0337,Wales,Marketplace,Home,Coffee Maker,5,71.95,41,0.15,305.79,205,100.79,4.9,No
ORD-00815,2025-05-23,2025-05,CUS-0289,Midlands,Marketplace,Sports,Fitness Tracker,1,56.64,27,0.1,50.98,27,23.98,3.9,No
ORD-01148,2025-05-23,2025-05,CUS-0498,London,Marketplace,Electronics,Bluetooth Speaker,2,62.2,34,0.05,118.18,68,50.18,4.1,No
ORD-00173,2025-05-23,2025-05,CUS-0432,Scotland,Online,Books,Data Analytics Handbook,2,39.71,14,0,79.42,28,51.42,5,No
ORD-01449,2025-05-25,2025-05,CUS-0201,Midlands,Store,Electronics,Wireless Headphones,3,88.77,48,0,266.31,144,122.31,3.7,No
ORD-01494,2025-05-25,2025-05,CUS-0253,South West,Store,Fashion,Winter Jacket,1,99.06,46,0,99.06,46,53.06,3.3,No
ORD-01787,2025-05-25,2025-05,CUS-0452,South West,Online,Fashion,Backpack,5,48.23,21,0.15,204.98,105,99.98,3.7,No
ORD-00794,2025-05-25,2025-05,CUS-0235,Scotland,Online,Electronics,Bluetooth Speaker,3,63.79,34,0.05,181.8,102,79.8,3.9,No
ORD-00117,2025-05-26,2025-05,CUS-0273,Midlands,Online,Home,Desk Lamp,1,33.64,17,0.15,28.59,17,11.59,3.3,No
ORD-00524,2025-05-27,2025-05,CUS-0452,Scotland,Marketplace,Electronics,Bluetooth Speaker,5,66.61,34,0.05,316.4,170,146.4,3.8,No
ORD-01504,2025-05-28,2025-05,CUS-0399,Wales,Online,Sports,Running Shoes,3,80.18,38,0,240.54,114,126.54,4,No
ORD-01693,2025-05-28,2025-05,CUS-0560,South West,Online,Home,Air Fryer,5,118.73,69,0.2,474.92,345,129.92,3.3,Yes
ORD-00307,2025-05-29,2025-05,CUS-0378,South East,Marketplace,Fashion,Winter Jacket,4,90.3,46,0.15,307.02,184,123.02,3.4,No
ORD-01725,2025-05-29,2025-05,CUS-0509,North West,Marketplace,Home,Coffee Maker,3,76.52,41,0,229.56,123,106.56,4.2,No
ORD-01789,2025-05-31,2025-05,CUS-0310,South East,Online,Electronics,Bluetooth Speaker,1,66.48,34,0,66.48,34,32.48,4.2,No
ORD-00540,2025-06-01,2025-06,CUS-0406,Midlands,Marketplace,Sports,Running Shoes,3,78.97,38,0,236.91,114,122.91,4.1,No
ORD-01672,2025-06-01,2025-06,CUS-0451,London,Store,Electronics,Smart Watch,5,157.86,92,0.1,710.37,460,250.37,3.4,No
ORD-00348,2025-06-01,2025-06,CUS-0295,North West,Marketplace,Electronics,Bluetooth Speaker,4,64.31,34,0.15,218.65,136,82.65,5,No
ORD-00252,2025-06-01,2025-06,CUS-0056,North East,Online,Books,Business Intelligence Guide,5,34.74,12,0,173.7,60,113.7,4.9,No
ORD-00032,2025-06-02,2025-06,CUS-0081,South West,Online,Home,Coffee Maker,3,75.82,41,0.05,216.09,123,93.09,4.9,No
ORD-00651,2025-06-02,2025-06,CUS-0295,South East,Online,Sports,Fitness Tracker,2,57.64,27,0,115.28,54,61.28,3.4,No
ORD-00600,2025-06-03,2025-06,CUS-0543,Midlands,Marketplace,Electronics,Smart Watch,5,166.78,92,0,833.9,460,373.9,3.8,No
ORD-01546,2025-06-03,2025-06,CUS-0426,South East,Marketplace,Electronics,Smart Watch,3,152.85,92,0,458.55,276,182.55,4,No
ORD-01171,2025-06-03,2025-06,CUS-0260,Midlands,Online,Home,Air Fryer,4,120.36,69,0,481.44,276,205.44,3.6,No
ORD-01553,2025-06-04,2025-06,CUS-0261,Midlands,Store,Home,Coffee Maker,5,72.29,41,0.2,289.16,205,84.16,4.3,No
ORD-01665,2025-06-04,2025-06,CUS-0319,North East,Marketplace,Fashion,Winter Jacket,5,92.45,46,0.05,439.14,230,209.14,3.8,Yes
ORD-00789,2025-06-04,2025-06,CUS-0179,North West,Online,Books,Business Intelligence Guide,4,34.69,12,0.15,117.95,48,69.95,4.9,No
ORD-01670,2025-06-05,2025-06,CUS-0213,South East,Online,Sports,Yoga Mat,1,30.9,12,0.2,24.72,12,12.72,5,No
ORD-01613,2025-06-05,2025-06,CUS-0318,Midlands,Marketplace,Home,Air Fryer,2,115.15,69,0.05,218.79,138,80.79,5,No
ORD-01414,2025-06-05,2025-06,CUS-0322,North West,Store,Books,Business Intelligence Guide,2,34.54,12,0.05,65.63,24,41.63,4.1,No
ORD-00208,2025-06-05,2025-06,CUS-0331,North East,Online,Beauty,Hair Dryer,5,62.75,29,0,313.75,145,168.75,5,No
ORD-01595,2025-06-05,2025-06,CUS-0391,Midlands,Online,Beauty,Skin Care Set,5,45.36,18,0.1,204.12,90,114.12,4.3,No
ORD-00935,2025-06-06,2025-06,CUS-0254,North East,Store,Home,Desk Lamp,2,35.65,17,0,71.3,34,37.3,4.3,No
ORD-01000,2025-06-06,2025-06,CUS-0522,North West,Store,Electronics,Smart Watch,1,153.43,92,0.15,130.42,92,38.42,3.7,No
ORD-00451,2025-06-08,2025-06,CUS-0208,Wales,Marketplace,Electronics,Bluetooth Speaker,4,67.35,34,0.2,215.52,136,79.52,5,No
ORD-01428,2025-06-08,2025-06,CUS-0339,Wales,Store,Home,Desk Lamp,3,34.19,17,0,102.57,51,51.57,4.6,No
ORD-01187,2025-06-08,2025-06,CUS-0568,North West,Store,Beauty,Hair Dryer,2,57.86,29,0,115.72,58,57.72,4,No
ORD-00621,2025-06-08,2025-06,CUS-0464,South East,Online,Home,Air Fryer,3,115.32,69,0,345.96,207,138.96,3.8,No
ORD-01615,2025-06-08,2025-06,CUS-0205,Midlands,Online,Books,Data Analytics Handbook,4,41.64,14,0,166.56,56,110.56,4.6,No
ORD-00225,2025-06-10,2025-06,CUS-0281,Midlands,Online,Books,Business Intelligence Guide,3,36.39,12,0.2,87.34,36,51.34,4.4,No
ORD-01737,2025-06-10,2025-06,CUS-0243,North West,Marketplace,Beauty,Skin Care Set,3,46.59,18,0.15,118.8,54,64.8,4.4,Yes
ORD-00236,2025-06-11,2025-06,CUS-0423,North West,Store,Sports,Fitness Tracker,3,56.56,27,0.15,144.23,81,63.23,4.1,No
ORD-01684,2025-06-11,2025-06,CUS-0358,Wales,Store,Sports,Running Shoes,3,80.4,38,0,241.2,114,127.2,4.4,No
ORD-00642,2025-06-11,2025-06,CUS-0560,North East,Online,Sports,Yoga Mat,4,29.57,12,0,118.28,48,70.28,4.9,No
ORD-00180,2025-06-12,2025-06,CUS-0609,Midlands,Online,Electronics,Wireless Headphones,5,88.01,48,0,440.05,240,200.05,4.9,No
ORD-01127,2025-06-12,2025-06,CUS-0007,South West,Marketplace,Fashion,Classic Trainers,1,73.34,32,0.1,66.01,32,34.01,3.6,No
ORD-01115,2025-06-13,2025-06,CUS-0092,South West,Store,Books,Business Intelligence Guide,1,35.41,12,0.2,28.33,12,16.33,4.7,No
ORD-00697,2025-06-13,2025-06,CUS-0478,South West,Marketplace,Books,Business Intelligence Guide,3,33.89,12,0.15,86.42,36,50.42,4.2,Yes
ORD-01583,2025-06-13,2025-06,CUS-0381,South West,Online,Beauty,Hair Dryer,4,59.45,29,0,237.8,116,121.8,4.8,No
ORD-00392,2025-06-13,2025-06,CUS-0289,North West,Online,Electronics,Bluetooth Speaker,2,66.99,34,0,133.98,68,65.98,3.8,No
ORD-01222,2025-06-14,2025-06,CUS-0540,South West,Online,Fashion,Classic Trainers,1,72.11,32,0.05,68.5,32,36.5,3.4,No
ORD-00774,2025-06-14,2025-06,CUS-0157,London,Online,Electronics,Wireless Headphones,3,91.62,48,0,274.86,144,130.86,4.8,No
ORD-00797,2025-06-14,2025-06,CUS-0473,North East,Store,Fashion,Classic Trainers,4,71.05,32,0.1,255.78,128,127.78,5,No
ORD-01545,2025-06-15,2025-06,CUS-0312,London,Store,Beauty,Hair Dryer,2,62.59,29,0.15,106.4,58,48.4,4.2,No
ORD-00372,2025-06-16,2025-06,CUS-0503,London,Marketplace,Home,Desk Lamp,3,35.39,17,0,106.17,51,55.17,3.4,No
ORD-00924,2025-06-16,2025-06,CUS-0376,South West,Store,Home,Desk Lamp,5,34.39,17,0.15,146.16,85,61.16,3.7,Yes
ORD-01376,2025-06-17,2025-06,CUS-0378,Wales,Store,Fashion,Classic Trainers,4,72.32,32,0.1,260.35,128,132.35,3.5,No
ORD-01611,2025-06-17,2025-06,CUS-0039,South East,Marketplace,Sports,Yoga Mat,4,28.69,12,0.15,97.55,48,49.55,3.6,No
ORD-00965,2025-06-17,2025-06,CUS-0186,South East,Marketplace,Beauty,Skin Care Set,4,45.15,18,0,180.6,72,108.6,4,No
ORD-01348,2025-06-17,2025-06,CUS-0034,South East,Store,Beauty,Hair Dryer,5,58.91,29,0.05,279.82,145,134.82,4.9,No
ORD-01782,2025-06-17,2025-06,CUS-0143,North East,Marketplace,Beauty,Hair Dryer,3,57.56,29,0.15,146.78,87,59.78,3.4,Yes
ORD-00785,2025-06-18,2025-06,CUS-0470,South West,Marketplace,Fashion,Classic Trainers,3,68.92,32,0.2,165.41,96,69.41,3.8,No
ORD-00913,2025-06-18,2025-06,CUS-0162,South East,Store,Books,Data Analytics Handbook,4,41.08,14,0,164.32,56,108.32,4.1,No
ORD-00892,2025-06-18,2025-06,CUS-0133,North East,Store,Beauty,Skin Care Set,1,45.81,18,0,45.81,18,27.81,4.6,No
ORD-00261,2025-06-19,2025-06,CUS-0005,South East,Marketplace,Home,Desk Lamp,1,33.6,17,0.15,28.56,17,11.56,4.4,No
ORD-00670,2025-06-20,2025-06,CUS-0075,North East,Online,Books,Data Analytics Handbook,3,38.44,14,0.05,109.55,42,67.55,3.9,Yes
ORD-01343,2025-06-20,2025-06,CUS-0352,North West,Marketplace,Sports,Yoga Mat,1,30.05,12,0.05,28.55,12,16.55,5,No
ORD-01195,2025-06-21,2025-06,CUS-0370,North East,Store,Electronics,Bluetooth Speaker,2,67.08,34,0.15,114.04,68,46.04,3.6,No
ORD-01798,2025-06-21,2025-06,CUS-0242,North West,Store,Fashion,Classic Trainers,3,68,32,0.2,163.2,96,67.2,4.6,No
ORD-01525,2025-06-21,2025-06,CUS-0501,North West,Online,Fashion,Winter Jacket,1,94.49,46,0.05,89.77,46,43.77,4.4,No
ORD-01644,2025-06-21,2025-06,CUS-0482,London,Online,Home,Desk Lamp,3,36.12,17,0,108.36,51,57.36,4.4,No
ORD-00772,2025-06-21,2025-06,CUS-0300,South West,Online,Beauty,Hair Dryer,1,62.3,29,0,62.3,29,33.3,4.6,No
ORD-01176,2025-06-23,2025-06,CUS-0194,Wales,Online,Fashion,Classic Trainers,3,71.9,32,0.2,172.56,96,76.56,4.3,No
ORD-01698,2025-06-23,2025-06,CUS-0286,London,Marketplace,Books,Business Intelligence Guide,2,33.71,12,0.2,53.94,24,29.94,4.3,No
ORD-01645,2025-06-23,2025-06,CUS-0569,Midlands,Marketplace,Home,Coffee Maker,2,75.08,41,0.05,142.65,82,60.65,5,No
ORD-00865,2025-06-23,2025-06,CUS-0479,Wales,Store,Fashion,Winter Jacket,1,95.58,46,0,95.58,46,49.58,4.9,No
ORD-01497,2025-06-24,2025-06,CUS-0160,Midlands,Marketplace,Home,Air Fryer,2,120.04,69,0,240.08,138,102.08,4.3,No
ORD-00045,2025-06-24,2025-06,CUS-0007,North East,Online,Fashion,Classic Trainers,4,67.11,32,0.15,228.17,128,100.17,4.6,No
ORD-01511,2025-06-24,2025-06,CUS-0315,South West,Marketplace,Books,Business Intelligence Guide,2,34.06,12,0.15,57.9,24,33.9,4.1,No
ORD-00187,2025-06-24,2025-06,CUS-0402,Wales,Marketplace,Sports,Running Shoes,5,76.63,38,0,383.15,190,193.15,4.4,No
ORD-01169,2025-06-25,2025-06,CUS-0284,South East,Store,Sports,Yoga Mat,2,28.74,12,0,57.48,24,33.48,4,No
ORD-00931,2025-06-25,2025-06,CUS-0168,London,Store,Fashion,Winter Jacket,4,94.61,46,0,378.44,184,194.44,3.9,No
ORD-01575,2025-06-25,2025-06,CUS-0379,North East,Marketplace,Sports,Yoga Mat,5,29.79,12,0.15,126.61,60,66.61,4.7,Yes
ORD-01180,2025-06-25,2025-06,CUS-0439,South East,Store,Beauty,Skin Care Set,4,44.76,18,0.2,143.23,72,71.23,4.7,Yes
ORD-01128,2025-06-25,2025-06,CUS-0300,North West,Marketplace,Fashion,Winter Jacket,5,96.79,46,0.05,459.75,230,229.75,3.6,No
ORD-00711,2025-06-25,2025-06,CUS-0417,North West,Store,Electronics,Wireless Headphones,3,90.05,48,0.15,229.63,144,85.63,4.3,No
ORD-00303,2025-06-27,2025-06,CUS-0307,South East,Store,Books,Business Intelligence Guide,2,34.97,12,0.1,62.95,24,38.95,3.3,No
ORD-01631,2025-06-27,2025-06,CUS-0412,North West,Marketplace,Sports,Yoga Mat,4,29.92,12,0.2,95.74,48,47.74,3.2,No
ORD-00523,2025-06-27,2025-06,CUS-0489,Midlands,Marketplace,Fashion,Classic Trainers,2,66.85,32,0,133.7,64,69.7,4.4,No
ORD-01087,2025-06-27,2025-06,CUS-0410,Midlands,Marketplace,Home,Coffee Maker,1,77.3,41,0,77.3,41,36.3,4.9,No
ORD-01548,2025-06-28,2025-06,CUS-0113,North West,Marketplace,Beauty,Hair Dryer,1,61.74,29,0,61.74,29,32.74,3.5,No
ORD-00447,2025-06-29,2025-06,CUS-0343,South East,Marketplace,Fashion,Classic Trainers,2,68.93,32,0.15,117.18,64,53.18,4.2,No
ORD-01417,2025-06-30,2025-06,CUS-0209,London,Store,Books,Data Analytics Handbook,3,40.77,14,0.2,97.85,42,55.85,3.7,No
ORD-01345,2025-07-01,2025-07,CUS-0571,Scotland,Store,Electronics,Bluetooth Speaker,2,63.64,34,0,127.28,68,59.28,5,No
ORD-00203,2025-07-01,2025-07,CUS-0480,London,Marketplace,Books,Data Analytics Handbook,5,41.2,14,0.1,185.4,70,115.4,4.9,No
ORD-01123,2025-07-02,2025-07,CUS-0147,Scotland,Online,Sports,Running Shoes,1,77.36,38,0,77.36,38,39.36,3.6,No
ORD-00725,2025-07-02,2025-07,CUS-0199,Scotland,Online,Home,Coffee Maker,5,78.23,41,0.1,352.04,205,147.04,4.3,No
ORD-00639,2025-07-02,2025-07,CUS-0567,South East,Marketplace,Beauty,Skin Care Set,1,46.12,18,0.05,43.81,18,25.81,3.3,No
ORD-00623,2025-07-02,2025-07,CUS-0112,Scotland,Store,Sports,Fitness Tracker,4,54.3,27,0,217.2,108,109.2,3.9,No
ORD-00942,2025-07-02,2025-07,CUS-0467,South East,Marketplace,Books,Business Intelligence Guide,4,35.98,12,0.05,136.72,48,88.72,5,No
ORD-00076,2025-07-03,2025-07,CUS-0483,South East,Marketplace,Sports,Fitness Tracker,4,53.82,27,0.15,182.99,108,74.99,4.8,No
ORD-01459,2025-07-03,2025-07,CUS-0273,Midlands,Store,Home,Desk Lamp,3,35.14,17,0,105.42,51,54.42,4.7,No
ORD-00816,2025-07-03,2025-07,CUS-0558,Wales,Store,Books,Business Intelligence Guide,3,35.99,12,0.05,102.57,36,66.57,5,No
ORD-00030,2025-07-03,2025-07,CUS-0082,North West,Online,Home,Desk Lamp,5,36.26,17,0,181.3,85,96.3,5,No
ORD-00430,2025-07-03,2025-07,CUS-0342,London,Marketplace,Home,Coffee Maker,4,72.31,41,0.05,274.78,164,110.78,4.9,No
ORD-00141,2025-07-04,2025-07,CUS-0466,North East,Online,Fashion,Backpack,4,52.32,21,0,209.28,84,125.28,4,No
ORD-00911,2025-07-05,2025-07,CUS-0330,South West,Marketplace,Sports,Yoga Mat,3,28.7,12,0.1,77.49,36,41.49,3.6,No
ORD-01442,2025-07-05,2025-07,CUS-0088,South West,Online,Fashion,Classic Trainers,2,73.2,32,0.2,117.12,64,53.12,5,Yes
ORD-01137,2025-07-05,2025-07,CUS-0307,London,Marketplace,Books,Data Analytics Handbook,2,38.55,14,0.2,61.68,28,33.68,4.8,No
ORD-00891,2025-07-05,2025-07,CUS-0061,Scotland,Store,Home,Air Fryer,5,116.26,69,0,581.3,345,236.3,3.4,No
ORD-00131,2025-07-05,2025-07,CUS-0359,North West,Store,Electronics,Wireless Headphones,2,88,48,0,176,96,80,4.6,Yes
ORD-01578,2025-07-06,2025-07,CUS-0384,Midlands,Marketplace,Home,Desk Lamp,1,34.78,17,0.2,27.82,17,10.82,4.8,No
ORD-01365,2025-07-06,2025-07,CUS-0588,South West,Store,Sports,Fitness Tracker,4,55.59,27,0.2,177.89,108,69.89,4.8,No
ORD-01304,2025-07-07,2025-07,CUS-0323,North West,Marketplace,Home,Desk Lamp,2,35.21,17,0,70.42,34,36.42,5,No
ORD-00743,2025-07-08,2025-07,CUS-0311,London,Marketplace,Electronics,Bluetooth Speaker,5,62.9,34,0.2,251.6,170,81.6,3.9,No
ORD-00861,2025-07-08,2025-07,CUS-0063,North East,Store,Sports,Running Shoes,2,77.59,38,0.2,124.14,76,48.14,5,No
ORD-00849,2025-07-08,2025-07,CUS-0189,London,Marketplace,Fashion,Classic Trainers,1,71.2,32,0.15,60.52,32,28.52,5,Yes
ORD-01080,2025-07-08,2025-07,CUS-0067,Scotland,Online,Sports,Running Shoes,4,83.99,38,0,335.96,152,183.96,3.5,No
ORD-01409,2025-07-08,2025-07,CUS-0587,North West,Online,Sports,Running Shoes,2,80,38,0.2,128,76,52,4.1,No
ORD-00259,2025-07-09,2025-07,CUS-0316,London,Marketplace,Fashion,Winter Jacket,3,92.74,46,0.1,250.4,138,112.4,3.6,No
ORD-00792,2025-07-09,2025-07,CUS-0454,Wales,Marketplace,Sports,Fitness Tracker,1,53.8,27,0,53.8,27,26.8,4.3,Yes
ORD-01385,2025-07-09,2025-07,CUS-0188,South East,Marketplace,Fashion,Backpack,1,49.06,21,0,49.06,21,28.06,3.8,No
ORD-00533,2025-07-09,2025-07,CUS-0009,South East,Online,Fashion,Backpack,1,50.16,21,0,50.16,21,29.16,4.4,No
ORD-01679,2025-07-09,2025-07,CUS-0461,North East,Store,Sports,Running Shoes,5,78.61,38,0.2,314.44,190,124.44,4.8,No
ORD-01736,2025-07-09,2025-07,CUS-0491,Midlands,Online,Beauty,Skin Care Set,5,43.49,18,0.1,195.71,90,105.71,3.6,No
ORD-01431,2025-07-09,2025-07,CUS-0139,South West,Marketplace,Home,Air Fryer,4,119.54,69,0,478.16,276,202.16,4.4,No
ORD-00170,2025-07-10,2025-07,CUS-0160,Scotland,Marketplace,Electronics,Smart Watch,5,164,92,0,820,460,360,4.4,No
ORD-00019,2025-07-10,2025-07,CUS-0347,South West,Store,Sports,Fitness Tracker,1,56.67,27,0.05,53.84,27,26.84,4.5,No
ORD-00386,2025-07-10,2025-07,CUS-0128,North East,Marketplace,Beauty,Skin Care Set,4,45.81,18,0.1,164.92,72,92.92,4.6,No
ORD-01211,2025-07-11,2025-07,CUS-0327,North West,Marketplace,Books,Business Intelligence Guide,5,33.29,12,0.2,133.16,60,73.16,4.8,No
ORD-00496,2025-07-11,2025-07,CUS-0327,Midlands,Marketplace,Books,Business Intelligence Guide,3,36.72,12,0.05,104.65,36,68.65,3.5,No
ORD-00269,2025-07-11,2025-07,CUS-0333,South West,Marketplace,Electronics,Wireless Headphones,2,92.06,48,0,184.12,96,88.12,3.9,No
ORD-00827,2025-07-11,2025-07,CUS-0528,Midlands,Marketplace,Sports,Yoga Mat,4,31.36,12,0.15,106.62,48,58.62,3.4,No
ORD-00568,2025-07-12,2025-07,CUS-0205,Wales,Marketplace,Sports,Running Shoes,1,78.86,38,0.15,67.03,38,29.03,3.9,No
ORD-00328,2025-07-12,2025-07,CUS-0610,Midlands,Online,Sports,Yoga Mat,3,28.53,12,0,85.59,36,49.59,4.1,No
ORD-01263,2025-07-12,2025-07,CUS-0067,Wales,Online,Home,Air Fryer,3,116.76,69,0.15,297.74,207,90.74,4,No
ORD-00513,2025-07-12,2025-07,CUS-0385,South East,Online,Home,Desk Lamp,5,33.57,17,0.15,142.67,85,57.67,5,No
ORD-01251,2025-07-13,2025-07,CUS-0314,South West,Marketplace,Fashion,Winter Jacket,4,96.16,46,0,384.64,184,200.64,4,No
ORD-00436,2025-07-14,2025-07,CUS-0403,South West,Marketplace,Fashion,Classic Trainers,3,71.31,32,0,213.93,96,117.93,3.7,No
ORD-01451,2025-07-14,2025-07,CUS-0063,North East,Store,Electronics,Wireless Headphones,4,90.69,48,0,362.76,192,170.76,3.3,No
ORD-01347,2025-07-15,2025-07,CUS-0172,Wales,Marketplace,Sports,Fitness Tracker,5,52.43,27,0,262.15,135,127.15,3.3,No
ORD-00087,2025-07-15,2025-07,CUS-0366,South East,Marketplace,Fashion,Winter Jacket,1,97.48,46,0.2,77.98,46,31.98,4.2,No
ORD-01688,2025-07-16,2025-07,CUS-0350,Midlands,Marketplace,Fashion,Winter Jacket,5,96.67,46,0.15,410.85,230,180.85,4.5,No
ORD-01217,2025-07-16,2025-07,CUS-0192,Midlands,Marketplace,Books,Business Intelligence Guide,5,34.76,12,0.15,147.73,60,87.73,4.3,No
ORD-00306,2025-07-17,2025-07,CUS-0227,South West,Online,Beauty,Skin Care Set,4,45.41,18,0.2,145.31,72,73.31,4,No
ORD-00071,2025-07-18,2025-07,CUS-0350,Scotland,Online,Electronics,Wireless Headphones,2,89.34,48,0.2,142.94,96,46.94,4.1,No
ORD-00589,2025-07-19,2025-07,CUS-0186,North East,Marketplace,Books,Data Analytics Handbook,2,38.38,14,0,76.76,28,48.76,5,No
ORD-01048,2025-07-19,2025-07,CUS-0301,London,Marketplace,Fashion,Classic Trainers,5,66.53,32,0.05,316.02,160,156.02,5,No
ORD-01574,2025-07-19,2025-07,CUS-0255,South West,Online,Fashion,Backpack,5,51.62,21,0.05,245.19,105,140.19,3.9,No
ORD-00493,2025-07-19,2025-07,CUS-0015,North East,Store,Beauty,Skin Care Set,4,44.57,18,0.05,169.37,72,97.37,4.4,No
ORD-01351,2025-07-20,2025-07,CUS-0186,North East,Store,Home,Desk Lamp,3,35.45,17,0,106.35,51,55.35,3.6,No
ORD-01245,2025-07-20,2025-07,CUS-0379,Scotland,Online,Beauty,Hair Dryer,3,57.95,29,0.2,139.08,87,52.08,5,No
ORD-01594,2025-07-20,2025-07,CUS-0067,Wales,Store,Home,Air Fryer,5,114.23,69,0.1,514.04,345,169.04,4.2,No
ORD-01783,2025-07-21,2025-07,CUS-0579,London,Store,Fashion,Winter Jacket,3,93.16,46,0,279.48,138,141.48,3.6,No
ORD-00329,2025-07-21,2025-07,CUS-0061,North West,Online,Sports,Yoga Mat,3,29.22,12,0.1,78.89,36,42.89,4.1,No
ORD-00944,2025-07-21,2025-07,CUS-0002,Scotland,Store,Books,Business Intelligence Guide,3,36.65,12,0.2,87.96,36,51.96,5,No
ORD-00704,2025-07-21,2025-07,CUS-0598,North West,Marketplace,Fashion,Classic Trainers,2,70.91,32,0,141.82,64,77.82,4.4,Yes
ORD-00846,2025-07-23,2025-07,CUS-0433,Midlands,Marketplace,Books,Data Analytics Handbook,4,39.51,14,0.05,150.14,56,94.14,3.9,Yes
ORD-01037,2025-07-23,2025-07,CUS-0396,Wales,Online,Beauty,Skin Care Set,3,42.89,18,0.15,109.37,54,55.37,4.5,No
ORD-01602,2025-07-24,2025-07,CUS-0142,Midlands,Online,Beauty,Hair Dryer,2,60.56,29,0,121.12,58,63.12,4.1,No
ORD-00654,2025-07-24,2025-07,CUS-0459,Wales,Online,Sports,Running Shoes,4,82.91,38,0.15,281.89,152,129.89,4.5,No
ORD-00025,2025-07-24,2025-07,CUS-0085,South West,Marketplace,Home,Air Fryer,3,115.9,69,0.2,278.16,207,71.16,3.8,No
ORD-01375,2025-07-24,2025-07,CUS-0056,North East,Online,Fashion,Winter Jacket,5,96.74,46,0,483.7,230,253.7,3.6,No
ORD-01516,2025-07-25,2025-07,CUS-0370,Midlands,Store,Home,Desk Lamp,2,34.14,17,0,68.28,34,34.28,4.8,No
ORD-00041,2025-07-25,2025-07,CUS-0042,North East,Marketplace,Fashion,Winter Jacket,3,99.68,46,0.1,269.14,138,131.14,4,No
ORD-00311,2025-07-25,2025-07,CUS-0014,London,Online,Beauty,Skin Care Set,4,46.86,18,0.15,159.32,72,87.32,4.1,No
ORD-00866,2025-07-26,2025-07,CUS-0249,Midlands,Store,Beauty,Skin Care Set,4,45.66,18,0.15,155.24,72,83.24,4,No
ORD-00672,2025-07-26,2025-07,CUS-0364,London,Store,Beauty,Skin Care Set,3,45.87,18,0.05,130.73,54,76.73,4.7,No
ORD-00591,2025-07-27,2025-07,CUS-0347,Scotland,Store,Beauty,Hair Dryer,4,58.58,29,0.15,199.17,116,83.17,3.6,No
ORD-00469,2025-07-28,2025-07,CUS-0556,North East,Online,Sports,Running Shoes,1,79.12,38,0,79.12,38,41.12,5,No
ORD-00851,2025-07-29,2025-07,CUS-0084,South East,Online,Home,Desk Lamp,5,34.58,17,0.15,146.96,85,61.96,4.9,No
ORD-00555,2025-07-29,2025-07,CUS-0076,South West,Marketplace,Fashion,Winter Jacket,5,93.06,46,0.05,442.04,230,212.04,5,No
ORD-00622,2025-07-30,2025-07,CUS-0245,South West,Marketplace,Sports,Yoga Mat,1,30.52,12,0,30.52,12,18.52,5,No
ORD-00882,2025-07-30,2025-07,CUS-0020,South West,Store,Electronics,Smart Watch,4,157.25,92,0,629,368,261,5,Yes
ORD-00893,2025-07-30,2025-07,CUS-0463,Scotland,Marketplace,Fashion,Winter Jacket,3,91.24,46,0,273.72,138,135.72,4.8,No
ORD-00968,2025-07-31,2025-07,CUS-0419,South West,Online,Home,Desk Lamp,5,33.56,17,0,167.8,85,82.8,4.5,No
ORD-01071,2025-08-01,2025-08,CUS-0490,South East,Marketplace,Home,Coffee Maker,5,77.86,41,0,389.3,205,184.3,4,No
ORD-01573,2025-08-01,2025-08,CUS-0295,North West,Store,Fashion,Classic Trainers,3,68.81,32,0.15,175.47,96,79.47,3.7,No
ORD-01715,2025-08-02,2025-08,CUS-0151,North West,Marketplace,Books,Data Analytics Handbook,2,40.07,14,0.15,68.12,28,40.12,3.3,No
ORD-00793,2025-08-02,2025-08,CUS-0422,Wales,Marketplace,Beauty,Skin Care Set,5,43.16,18,0.05,205.01,90,115.01,5,No
ORD-00842,2025-08-02,2025-08,CUS-0569,South East,Store,Home,Air Fryer,4,116.58,69,0.1,419.69,276,143.69,4.4,No
ORD-00583,2025-08-02,2025-08,CUS-0483,Scotland,Store,Electronics,Bluetooth Speaker,5,62.11,34,0.05,295.02,170,125.02,3.7,No
ORD-01288,2025-08-02,2025-08,CUS-0430,Scotland,Online,Books,Data Analytics Handbook,1,40.99,14,0,40.99,14,26.99,5,No
ORD-01588,2025-08-02,2025-08,CUS-0358,Midlands,Marketplace,Fashion,Winter Jacket,4,92.56,46,0,370.24,184,186.24,3.6,No
ORD-01466,2025-08-03,2025-08,CUS-0578,South East,Marketplace,Sports,Yoga Mat,5,30.39,12,0.2,121.56,60,61.56,4.3,No
ORD-01561,2025-08-03,2025-08,CUS-0294,South West,Store,Electronics,Smart Watch,3,163.08,92,0.1,440.32,276,164.32,5,Yes
ORD-00969,2025-08-03,2025-08,CUS-0424,Wales,Online,Beauty,Hair Dryer,5,57.89,29,0.15,246.03,145,101.03,4.4,No
ORD-01216,2025-08-04,2025-08,CUS-0146,North West,Store,Fashion,Backpack,5,51.1,21,0.15,217.18,105,112.18,4.6,No
ORD-00707,2025-08-04,2025-08,CUS-0253,South West,Marketplace,Fashion,Winter Jacket,5,98.79,46,0.05,469.25,230,239.25,3.7,No
ORD-01513,2025-08-04,2025-08,CUS-0065,Midlands,Online,Books,Data Analytics Handbook,2,39.8,14,0,79.6,28,51.6,5,No
ORD-00647,2025-08-04,2025-08,CUS-0364,Scotland,Store,Sports,Yoga Mat,2,29.89,12,0,59.78,24,35.78,5,Yes
ORD-00090,2025-08-04,2025-08,CUS-0559,South West,Marketplace,Fashion,Backpack,3,48.54,21,0,145.62,63,82.62,4.7,No
ORD-00284,2025-08-05,2025-08,CUS-0004,Wales,Marketplace,Electronics,Wireless Headphones,3,88.39,48,0.15,225.39,144,81.39,4.3,No
ORD-01352,2025-08-05,2025-08,CUS-0456,North East,Online,Electronics,Wireless Headphones,2,91.04,48,0,182.08,96,86.08,4.6,No
ORD-00253,2025-08-05,2025-08,CUS-0210,London,Marketplace,Sports,Running Shoes,4,81.25,38,0.1,292.5,152,140.5,3.8,No
ORD-00460,2025-08-05,2025-08,CUS-0257,North East,Store,Fashion,Classic Trainers,2,69.19,32,0,138.38,64,74.38,3.9,No
ORD-01632,2025-08-05,2025-08,CUS-0475,Wales,Store,Fashion,Backpack,1,51.81,21,0.15,44.04,21,23.04,4.3,No
ORD-01206,2025-08-06,2025-08,CUS-0342,South West,Store,Beauty,Hair Dryer,4,59.39,29,0.05,225.68,116,109.68,3.8,No
ORD-01540,2025-08-06,2025-08,CUS-0536,South East,Store,Electronics,Smart Watch,4,154.84,92,0.15,526.46,368,158.46,5,No
ORD-00864,2025-08-07,2025-08,CUS-0073,Wales,Marketplace,Electronics,Smart Watch,1,157.04,92,0,157.04,92,65.04,3.4,No
ORD-00410,2025-08-07,2025-08,CUS-0055,South East,Online,Home,Coffee Maker,5,75.83,41,0.2,303.32,205,98.32,4.3,No
ORD-01454,2025-08-08,2025-08,CUS-0268,Midlands,Marketplace,Beauty,Hair Dryer,2,61.06,29,0.1,109.91,58,51.91,5,No
ORD-00324,2025-08-08,2025-08,CUS-0240,North East,Marketplace,Home,Coffee Maker,3,73.31,41,0,219.93,123,96.93,4,Yes
ORD-00495,2025-08-08,2025-08,CUS-0392,South East,Marketplace,Electronics,Bluetooth Speaker,1,63.12,34,0,63.12,34,29.12,4,No
ORD-01060,2025-08-08,2025-08,CUS-0432,Midlands,Marketplace,Home,Air Fryer,2,121.92,69,0,243.84,138,105.84,4.7,No
ORD-00488,2025-08-08,2025-08,CUS-0496,South East,Online,Electronics,Wireless Headphones,1,92.58,48,0,92.58,48,44.58,4.3,No
ORD-00197,2025-08-08,2025-08,CUS-0219,Scotland,Marketplace,Sports,Yoga Mat,1,30.07,12,0,30.07,12,18.07,4.2,Yes
ORD-00715,2025-08-10,2025-08,CUS-0448,Scotland,Online,Sports,Fitness Tracker,2,52.94,27,0.2,84.7,54,30.7,4.6,No
ORD-00033,2025-08-10,2025-08,CUS-0390,South East,Online,Electronics,Smart Watch,5,160.91,92,0.15,683.87,460,223.87,4.8,No
ORD-00122,2025-08-10,2025-08,CUS-0497,Midlands,Store,Books,Business Intelligence Guide,4,33.38,12,0,133.52,48,85.52,3.6,No
ORD-00802,2025-08-11,2025-08,CUS-0062,London,Marketplace,Books,Business Intelligence Guide,2,34.06,12,0.05,64.71,24,40.71,3.6,No
ORD-01336,2025-08-11,2025-08,CUS-0548,South West,Store,Beauty,Hair Dryer,2,60.97,29,0.15,103.65,58,45.65,3.8,No
ORD-01033,2025-08-11,2025-08,CUS-0532,London,Store,Home,Desk Lamp,1,34.99,17,0.05,33.24,17,16.24,4.1,No
ORD-00763,2025-08-12,2025-08,CUS-0513,South West,Marketplace,Books,Business Intelligence Guide,3,33.62,12,0.05,95.82,36,59.82,4.8,No
ORD-00233,2025-08-13,2025-08,CUS-0506,London,Online,Fashion,Backpack,4,50.79,21,0.15,172.69,84,88.69,4.6,No
ORD-00814,2025-08-13,2025-08,CUS-0098,London,Marketplace,Sports,Fitness Tracker,1,53.81,27,0.2,43.05,27,16.05,4.9,No
ORD-00717,2025-08-14,2025-08,CUS-0043,South West,Marketplace,Electronics,Bluetooth Speaker,4,67.52,34,0,270.08,136,134.08,5,No
ORD-01711,2025-08-14,2025-08,CUS-0086,South East,Store,Beauty,Hair Dryer,4,57.13,29,0.15,194.24,116,78.24,3.7,No
ORD-00883,2025-08-14,2025-08,CUS-0375,North East,Online,Fashion,Backpack,4,51.16,21,0,204.64,84,120.64,3.4,No
ORD-00860,2025-08-15,2025-08,CUS-0582,Midlands,Store,Sports,Yoga Mat,5,29.26,12,0.1,131.67,60,71.67,4,No
ORD-01210,2025-08-15,2025-08,CUS-0518,North East,Marketplace,Books,Data Analytics Handbook,5,39.63,14,0.1,178.34,70,108.34,4.6,No
ORD-00352,2025-08-16,2025-08,CUS-0035,Wales,Online,Home,Coffee Maker,4,72.69,41,0,290.76,164,126.76,4.6,No
ORD-00390,2025-08-16,2025-08,CUS-0158,North West,Online,Books,Data Analytics Handbook,5,40.99,14,0.1,184.46,70,114.46,4.6,No
ORD-00999,2025-08-16,2025-08,CUS-0505,Wales,Marketplace,Fashion,Backpack,3,50.66,21,0.15,129.18,63,66.18,3.6,No
ORD-01482,2025-08-17,2025-08,CUS-0298,Midlands,Marketplace,Fashion,Winter Jacket,3,99.04,46,0.1,267.41,138,129.41,4.7,No
ORD-00312,2025-08-18,2025-08,CUS-0205,Midlands,Marketplace,Beauty,Hair Dryer,1,59.28,29,0.2,47.42,29,18.42,4.6,Yes
ORD-00746,2025-08-18,2025-08,CUS-0368,South West,Marketplace,Fashion,Classic Trainers,2,67.76,32,0,135.52,64,71.52,5,No
ORD-00250,2025-08-19,2025-08,CUS-0395,South East,Marketplace,Beauty,Skin Care Set,5,46.51,18,0.1,209.3,90,119.3,3.8,No
ORD-00546,2025-08-19,2025-08,CUS-0199,South East,Online,Home,Coffee Maker,5,74.37,41,0.1,334.67,205,129.67,4.9,No
ORD-00148,2025-08-20,2025-08,CUS-0119,Midlands,Store,Fashion,Winter Jacket,4,90.82,46,0.15,308.79,184,124.79,4.9,No
ORD-01065,2025-08-22,2025-08,CUS-0063,London,Marketplace,Electronics,Wireless Headphones,4,90.68,48,0.1,326.45,192,134.45,4.9,No
ORD-01478,2025-08-22,2025-08,CUS-0393,London,Store,Electronics,Smart Watch,3,155.66,92,0,466.98,276,190.98,4.4,No
ORD-01186,2025-08-24,2025-08,CUS-0241,South East,Store,Electronics,Wireless Headphones,4,90.08,48,0.2,288.26,192,96.26,4.6,Yes
ORD-00592,2025-08-25,2025-08,CUS-0292,Scotland,Online,Electronics,Bluetooth Speaker,4,65.36,34,0.1,235.3,136,99.3,4.9,No
ORD-00960,2025-08-25,2025-08,CUS-0513,Midlands,Marketplace,Fashion,Classic Trainers,4,71.1,32,0,284.4,128,156.4,4.1,No
ORD-01228,2025-08-25,2025-08,CUS-0047,London,Marketplace,Sports,Yoga Mat,4,28.68,12,0,114.72,48,66.72,4.1,Yes
ORD-00688,2025-08-25,2025-08,CUS-0323,Wales,Store,Home,Coffee Maker,1,77.6,41,0.05,73.72,41,32.72,4.5,Yes
ORD-01119,2025-08-26,2025-08,CUS-0027,South East,Online,Fashion,Classic Trainers,5,70.73,32,0.05,335.97,160,175.97,4.3,No
ORD-00055,2025-08-27,2025-08,CUS-0405,Midlands,Marketplace,Sports,Running Shoes,1,80.41,38,0,80.41,38,42.41,3.8,No
ORD-00147,2025-08-27,2025-08,CUS-0065,South West,Marketplace,Electronics,Smart Watch,3,167.34,92,0.1,451.82,276,175.82,3.2,No
ORD-00719,2025-08-28,2025-08,CUS-0069,London,Online,Electronics,Bluetooth Speaker,4,66.4,34,0,265.6,136,129.6,3.6,No
ORD-01250,2025-08-28,2025-08,CUS-0352,Midlands,Marketplace,Sports,Yoga Mat,1,28.73,12,0,28.73,12,16.73,3.9,No
ORD-00919,2025-08-29,2025-08,CUS-0123,South West,Marketplace,Sports,Fitness Tracker,4,52.52,27,0.2,168.06,108,60.06,3.4,No
ORD-01468,2025-08-30,2025-08,CUS-0408,Scotland,Marketplace,Home,Desk Lamp,4,35.2,17,0,140.8,68,72.8,4.4,Yes
ORD-01551,2025-08-30,2025-08,CUS-0525,South East,Store,Books,Business Intelligence Guide,5,35.35,12,0.1,159.08,60,99.08,3.9,No
ORD-00453,2025-08-30,2025-08,CUS-0613,Scotland,Marketplace,Electronics,Wireless Headphones,4,88.69,48,0.2,283.81,192,91.81,5,No
ORD-00732,2025-08-31,2025-08,CUS-0538,Wales,Marketplace,Electronics,Wireless Headphones,1,88.57,48,0.15,75.28,48,27.28,4.2,No
ORD-01257,2025-08-31,2025-08,CUS-0548,Midlands,Online,Sports,Fitness Tracker,5,53.83,27,0,269.15,135,134.15,3.8,No
ORD-01189,2025-09-01,2025-09,CUS-0280,Midlands,Marketplace,Electronics,Bluetooth Speaker,2,62.44,34,0.05,118.64,68,50.64,4.9,Yes
ORD-01264,2025-09-01,2025-09,CUS-0155,South West,Store,Electronics,Smart Watch,5,164.8,92,0,824,460,364,3.3,No
ORD-00751,2025-09-01,2025-09,CUS-0325,Wales,Online,Books,Data Analytics Handbook,4,40.88,14,0.05,155.34,56,99.34,4.1,No
ORD-00168,2025-09-01,2025-09,CUS-0007,Scotland,Store,Sports,Yoga Mat,1,31.31,12,0.1,28.18,12,16.18,3.4,No
ORD-00749,2025-09-02,2025-09,CUS-0535,South West,Store,Beauty,Skin Care Set,1,46.22,18,0.2,36.98,18,18.98,4.6,No
ORD-00532,2025-09-02,2025-09,CUS-0358,Wales,Store,Beauty,Skin Care Set,5,43.23,18,0.15,183.73,90,93.73,5,Yes
ORD-00010,2025-09-03,2025-09,CUS-0536,Wales,Store,Home,Desk Lamp,2,34.49,17,0,68.98,34,34.98,4.5,No
ORD-01005,2025-09-03,2025-09,CUS-0324,Midlands,Online,Beauty,Hair Dryer,2,58.35,29,0.1,105.03,58,47.03,4.8,No
ORD-00666,2025-09-04,2025-09,CUS-0119,South West,Store,Electronics,Smart Watch,3,155.94,92,0,467.82,276,191.82,4.4,No
ORD-01146,2025-09-04,2025-09,CUS-0517,South West,Store,Beauty,Skin Care Set,1,44.32,18,0,44.32,18,26.32,3.8,No
ORD-00473,2025-09-04,2025-09,CUS-0498,South East,Marketplace,Home,Coffee Maker,4,73.96,41,0.1,266.26,164,102.26,5,No
ORD-00710,2025-09-04,2025-09,CUS-0019,Midlands,Marketplace,Fashion,Winter Jacket,5,96.47,46,0.05,458.23,230,228.23,5,No
ORD-00350,2025-09-05,2025-09,CUS-0418,Wales,Store,Books,Data Analytics Handbook,2,41.61,14,0.15,70.74,28,42.74,4.5,No
ORD-01199,2025-09-05,2025-09,CUS-0391,North East,Online,Books,Data Analytics Handbook,3,38.99,14,0,116.97,42,74.97,4.7,No
ORD-01608,2025-09-05,2025-09,CUS-0260,Wales,Online,Beauty,Skin Care Set,5,45.94,18,0,229.7,90,139.7,4.6,No
ORD-00876,2025-09-06,2025-09,CUS-0324,South East,Online,Sports,Yoga Mat,1,28.74,12,0,28.74,12,16.74,4.4,No
ORD-00808,2025-09-06,2025-09,CUS-0037,South East,Store,Home,Desk Lamp,2,36.39,17,0.15,61.86,34,27.86,3.4,Yes
ORD-01499,2025-09-06,2025-09,CUS-0297,London,Online,Fashion,Classic Trainers,1,67.77,32,0.05,64.38,32,32.38,3.9,No
ORD-00281,2025-09-06,2025-09,CUS-0145,Scotland,Online,Home,Desk Lamp,1,34.43,17,0,34.43,17,17.43,3.8,No
ORD-00993,2025-09-07,2025-09,CUS-0334,South East,Marketplace,Electronics,Bluetooth Speaker,4,67.74,34,0.2,216.77,136,80.77,5,No
ORD-00092,2025-09-07,2025-09,CUS-0274,North West,Online,Home,Coffee Maker,5,75.98,41,0.1,341.91,205,136.91,3.5,No
ORD-00043,2025-09-07,2025-09,CUS-0400,Wales,Online,Sports,Running Shoes,1,80.46,38,0,80.46,38,42.46,3.7,No
ORD-00320,2025-09-07,2025-09,CUS-0139,South West,Store,Home,Coffee Maker,4,73.62,41,0.15,250.31,164,86.31,4.6,No
ORD-00673,2025-09-08,2025-09,CUS-0191,South West,Marketplace,Electronics,Smart Watch,2,156.8,92,0.05,297.92,184,113.92,5,No
ORD-00089,2025-09-08,2025-09,CUS-0384,Midlands,Marketplace,Home,Air Fryer,1,119.06,69,0.15,101.2,69,32.2,4.6,No
ORD-00136,2025-09-08,2025-09,CUS-0548,Wales,Marketplace,Books,Data Analytics Handbook,3,38.4,14,0.05,109.44,42,67.44,3.6,No
ORD-00300,2025-09-09,2025-09,CUS-0481,London,Marketplace,Home,Coffee Maker,4,78.01,41,0,312.04,164,148.04,4.2,No
ORD-00871,2025-09-09,2025-09,CUS-0051,North West,Marketplace,Electronics,Smart Watch,5,163.52,92,0.2,654.08,460,194.08,4.2,No
ORD-00613,2025-09-09,2025-09,CUS-0164,North East,Store,Sports,Fitness Tracker,4,52.9,27,0.15,179.86,108,71.86,4.7,No
ORD-00038,2025-09-10,2025-09,CUS-0314,South East,Store,Beauty,Hair Dryer,5,62.96,29,0.2,251.84,145,106.84,3.7,No
ORD-01133,2025-09-10,2025-09,CUS-0429,Wales,Marketplace,Electronics,Wireless Headphones,5,86.76,48,0,433.8,240,193.8,3.5,No
ORD-00176,2025-09-11,2025-09,CUS-0603,North East,Marketplace,Home,Air Fryer,5,118.31,69,0.2,473.24,345,128.24,4.3,Yes
ORD-00272,2025-09-11,2025-09,CUS-0320,Midlands,Marketplace,Sports,Yoga Mat,3,29.32,12,0.1,79.16,36,43.16,3.5,No
ORD-00384,2025-09-11,2025-09,CUS-0039,Midlands,Store,Sports,Yoga Mat,4,30.31,12,0,121.24,48,73.24,3.9,No
ORD-01190,2025-09-11,2025-09,CUS-0484,South West,Marketplace,Electronics,Smart Watch,5,167.53,92,0,837.65,460,377.65,3.9,No
ORD-01775,2025-09-11,2025-09,CUS-0264,Wales,Store,Electronics,Bluetooth Speaker,1,66.42,34,0,66.42,34,32.42,4.5,Yes
ORD-01296,2025-09-12,2025-09,CUS-0281,North East,Marketplace,Home,Coffee Maker,5,78.15,41,0.15,332.14,205,127.14,3.8,No
ORD-01321,2025-09-12,2025-09,CUS-0389,South West,Online,Electronics,Smart Watch,2,152.64,92,0,305.28,184,121.28,4.7,No
ORD-01536,2025-09-12,2025-09,CUS-0606,Scotland,Online,Sports,Fitness Tracker,3,54.41,27,0.2,130.58,81,49.58,3.7,No
ORD-01277,2025-09-12,2025-09,CUS-0541,Midlands,Marketplace,Home,Coffee Maker,2,75.54,41,0.2,120.86,82,38.86,4.3,No
ORD-01567,2025-09-12,2025-09,CUS-0382,Wales,Online,Electronics,Bluetooth Speaker,1,65.58,34,0.2,52.46,34,18.46,4.2,No
ORD-01161,2025-09-13,2025-09,CUS-0203,South East,Store,Books,Business Intelligence Guide,1,33.38,12,0,33.38,12,21.38,3.2,No
ORD-01792,2025-09-13,2025-09,CUS-0544,South West,Marketplace,Sports,Fitness Tracker,2,53.57,27,0,107.14,54,53.14,5,No
ORD-01305,2025-09-13,2025-09,CUS-0078,Midlands,Store,Electronics,Bluetooth Speaker,5,61.94,34,0,309.7,170,139.7,3.9,No
ORD-00914,2025-09-13,2025-09,CUS-0164,South East,Online,Home,Coffee Maker,1,76.66,41,0,76.66,41,35.66,3.5,No
ORD-00017,2025-09-13,2025-09,CUS-0246,Midlands,Online,Sports,Yoga Mat,3,28.73,12,0.2,68.95,36,32.95,4.7,Yes
ORD-00769,2025-09-13,2025-09,CUS-0198,North East,Online,Home,Coffee Maker,3,73.23,41,0.1,197.72,123,74.72,4.1,No
ORD-01164,2025-09-14,2025-09,CUS-0105,London,Marketplace,Books,Business Intelligence Guide,1,34.93,12,0.05,33.18,12,21.18,5,No
ORD-00125,2025-09-15,2025-09,CUS-0599,South East,Marketplace,Home,Coffee Maker,1,78.4,41,0.15,66.64,41,25.64,4.1,Yes
ORD-00405,2025-09-15,2025-09,CUS-0515,North East,Marketplace,Sports,Running Shoes,4,80.49,38,0.15,273.67,152,121.67,4.9,No
ORD-01150,2025-09-15,2025-09,CUS-0163,Midlands,Marketplace,Home,Desk Lamp,3,34.33,17,0.15,87.54,51,36.54,3.2,No
ORD-00051,2025-09-16,2025-09,CUS-0368,North West,Online,Home,Air Fryer,2,120.53,69,0.05,229.01,138,91.01,3.8,No
ORD-01040,2025-09-16,2025-09,CUS-0375,South West,Online,Electronics,Wireless Headphones,4,93.11,48,0.1,335.2,192,143.2,4.3,No
ORD-01067,2025-09-17,2025-09,CUS-0111,South West,Online,Beauty,Hair Dryer,1,59.9,29,0.05,56.9,29,27.9,5,No
ORD-01370,2025-09-17,2025-09,CUS-0334,South West,Store,Sports,Running Shoes,2,80.81,38,0,161.62,76,85.62,4.1,Yes
ORD-00205,2025-09-17,2025-09,CUS-0080,North East,Store,Electronics,Wireless Headphones,3,86.64,48,0.1,233.93,144,89.93,4.2,No
ORD-01405,2025-09-17,2025-09,CUS-0043,North East,Store,Fashion,Backpack,3,50.18,21,0,150.54,63,87.54,4.7,No
ORD-01718,2025-09-17,2025-09,CUS-0092,South West,Marketplace,Sports,Yoga Mat,4,29.92,12,0,119.68,48,71.68,3.4,No
ORD-01617,2025-09-17,2025-09,CUS-0127,Scotland,Online,Beauty,Hair Dryer,2,61.69,29,0,123.38,58,65.38,5,No
ORD-01754,2025-09-18,2025-09,CUS-0307,South East,Store,Beauty,Skin Care Set,3,45.79,18,0,137.37,54,83.37,5,No
ORD-00981,2025-09-18,2025-09,CUS-0051,South East,Marketplace,Beauty,Skin Care Set,3,42.79,18,0.05,121.95,54,67.95,3.4,No
ORD-00175,2025-09-18,2025-09,CUS-0198,Midlands,Marketplace,Books,Data Analytics Handbook,3,38.59,14,0.05,109.98,42,67.98,3.3,No
ORD-00214,2025-09-18,2025-09,CUS-0055,North West,Online,Home,Coffee Maker,5,78.16,41,0.1,351.72,205,146.72,3.2,No
ORD-00286,2025-09-19,2025-09,CUS-0174,South West,Store,Home,Coffee Maker,2,76.97,41,0.15,130.85,82,48.85,4.8,Yes
ORD-00333,2025-09-19,2025-09,CUS-0398,South East,Marketplace,Fashion,Backpack,2,48.88,21,0.1,87.98,42,45.98,4.3,No
ORD-00762,2025-09-19,2025-09,CUS-0298,South West,Store,Fashion,Winter Jacket,4,95.88,46,0,383.52,184,199.52,4.8,No
ORD-00463,2025-09-19,2025-09,CUS-0139,Midlands,Online,Home,Desk Lamp,4,35.81,17,0.05,136.08,68,68.08,4.9,No
ORD-01463,2025-09-19,2025-09,CUS-0449,Wales,Store,Beauty,Hair Dryer,1,62.87,29,0.1,56.58,29,27.58,3.9,No
ORD-01470,2025-09-19,2025-09,CUS-0364,Wales,Online,Electronics,Smart Watch,5,162.26,92,0.2,649.04,460,189.04,3.8,No
ORD-00921,2025-09-20,2025-09,CUS-0258,North East,Marketplace,Beauty,Skin Care Set,2,46.39,18,0.15,78.86,36,42.86,4.6,No
ORD-01430,2025-09-20,2025-09,CUS-0401,Wales,Store,Sports,Yoga Mat,3,31.24,12,0.1,84.35,36,48.35,4.6,No
ORD-00380,2025-09-21,2025-09,CUS-0538,South East,Store,Sports,Fitness Tracker,5,57.37,27,0,286.85,135,151.85,3.6,No
ORD-00140,2025-09-23,2025-09,CUS-0040,North West,Online,Home,Coffee Maker,3,74.43,41,0.05,212.13,123,89.13,3.4,No
ORD-00604,2025-09-23,2025-09,CUS-0088,South East,Store,Fashion,Classic Trainers,1,69.54,32,0,69.54,32,37.54,3.5,No
ORD-00521,2025-09-23,2025-09,CUS-0366,Scotland,Online,Electronics,Bluetooth Speaker,5,62.58,34,0.2,250.32,170,80.32,4.5,No
ORD-00353,2025-09-24,2025-09,CUS-0056,London,Online,Sports,Fitness Tracker,3,52.72,27,0.15,134.44,81,53.44,3.9,No
ORD-01566,2025-09-24,2025-09,CUS-0446,Midlands,Store,Electronics,Wireless Headphones,4,85.52,48,0.05,324.98,192,132.98,4.9,No
ORD-00119,2025-09-24,2025-09,CUS-0268,Midlands,Store,Sports,Fitness Tracker,3,57.54,27,0.1,155.36,81,74.36,4.9,No
ORD-00202,2025-09-24,2025-09,CUS-0531,Scotland,Online,Books,Business Intelligence Guide,3,33.72,12,0.1,91.04,36,55.04,4.9,Yes
ORD-00948,2025-09-24,2025-09,CUS-0049,Scotland,Online,Books,Data Analytics Handbook,1,40.92,14,0.2,32.74,14,18.74,4.6,No
ORD-00149,2025-09-25,2025-09,CUS-0502,South East,Store,Books,Data Analytics Handbook,3,38.95,14,0,116.85,42,74.85,3.4,No
ORD-01726,2025-09-25,2025-09,CUS-0146,North West,Online,Home,Air Fryer,5,118.24,69,0,591.2,345,246.2,3.3,No
ORD-00730,2025-09-26,2025-09,CUS-0027,South East,Marketplace,Fashion,Classic Trainers,4,70.82,32,0,283.28,128,155.28,3.7,No
ORD-01746,2025-09-26,2025-09,CUS-0284,London,Marketplace,Beauty,Skin Care Set,3,44.98,18,0,134.94,54,80.94,4.6,No
ORD-01788,2025-09-26,2025-09,CUS-0307,North East,Online,Beauty,Skin Care Set,1,43.29,18,0,43.29,18,25.29,3.4,No
ORD-00059,2025-09-27,2025-09,CUS-0020,North West,Online,Beauty,Hair Dryer,5,60.74,29,0,303.7,145,158.7,4,No
ORD-00686,2025-09-27,2025-09,CUS-0290,London,Online,Fashion,Backpack,2,50.27,21,0,100.54,42,58.54,4.5,No
ORD-01234,2025-09-27,2025-09,CUS-0180,Wales,Marketplace,Fashion,Winter Jacket,3,90.29,46,0,270.87,138,132.87,3.4,No
ORD-00957,2025-09-27,2025-09,CUS-0097,North West,Store,Electronics,Bluetooth Speaker,3,64.16,34,0,192.48,102,90.48,3.7,No
ORD-00962,2025-09-29,2025-09,CUS-0260,South East,Online,Books,Data Analytics Handbook,4,39.79,14,0.2,127.33,56,71.33,4.5,No
ORD-00337,2025-09-30,2025-09,CUS-0377,South West,Store,Home,Desk Lamp,4,33.68,17,0,134.72,68,66.72,3.5,No
ORD-01297,2025-09-30,2025-09,CUS-0482,Wales,Store,Sports,Fitness Tracker,5,52.76,27,0,263.8,135,128.8,4.8,No
ORD-01019,2025-10-01,2025-10,CUS-0257,Wales,Online,Electronics,Wireless Headphones,1,88.54,48,0,88.54,48,40.54,5,No
ORD-01439,2025-10-02,2025-10,CUS-0073,North West,Online,Beauty,Hair Dryer,3,58.95,29,0.1,159.17,87,72.17,3.8,No
ORD-00723,2025-10-02,2025-10,CUS-0563,Wales,Online,Electronics,Smart Watch,3,164.85,92,0,494.55,276,218.55,3.2,No
ORD-01008,2025-10-02,2025-10,CUS-0049,London,Store,Home,Desk Lamp,4,35.52,17,0,142.08,68,74.08,3.4,No
ORD-01362,2025-10-03,2025-10,CUS-0314,South West,Marketplace,Beauty,Skin Care Set,3,45.31,18,0.15,115.54,54,61.54,4.3,No
ORD-00603,2025-10-03,2025-10,CUS-0530,North West,Marketplace,Beauty,Skin Care Set,4,43.71,18,0.05,166.1,72,94.1,4.9,No
ORD-01515,2025-10-03,2025-10,CUS-0008,South East,Store,Beauty,Hair Dryer,1,59.09,29,0.1,53.18,29,24.18,4.8,No
ORD-01752,2025-10-03,2025-10,CUS-0305,North East,Online,Electronics,Bluetooth Speaker,3,62.02,34,0,186.06,102,84.06,4.2,No
ORD-01107,2025-10-03,2025-10,CUS-0538,Scotland,Online,Electronics,Wireless Headphones,1,86.05,48,0,86.05,48,38.05,4.1,No
ORD-01021,2025-10-04,2025-10,CUS-0325,South West,Online,Books,Business Intelligence Guide,5,34.71,12,0.1,156.2,60,96.2,5,No
ORD-01275,2025-10-04,2025-10,CUS-0264,Scotland,Store,Home,Coffee Maker,3,71.91,41,0,215.73,123,92.73,4.8,No
ORD-01181,2025-10-04,2025-10,CUS-0329,South East,Store,Books,Data Analytics Handbook,4,41.51,14,0.1,149.44,56,93.44,3.3,No
ORD-00082,2025-10-04,2025-10,CUS-0404,North East,Online,Beauty,Hair Dryer,2,62.84,29,0.1,113.11,58,55.11,4,Yes
ORD-01597,2025-10-04,2025-10,CUS-0362,North West,Store,Home,Desk Lamp,2,35.93,17,0,71.86,34,37.86,3.5,No
ORD-00440,2025-10-04,2025-10,CUS-0295,Scotland,Marketplace,Home,Air Fryer,1,124.22,69,0.15,105.59,69,36.59,4.3,No
ORD-00765,2025-10-04,2025-10,CUS-0094,North East,Store,Home,Air Fryer,3,124.58,69,0,373.74,207,166.74,3.5,No
ORD-01764,2025-10-05,2025-10,CUS-0021,Scotland,Marketplace,Sports,Fitness Tracker,5,54.28,27,0.15,230.69,135,95.69,3.5,No
ORD-00193,2025-10-06,2025-10,CUS-0581,Scotland,Marketplace,Fashion,Backpack,3,49.69,21,0.2,119.26,63,56.26,4.6,No
ORD-01076,2025-10-07,2025-10,CUS-0431,London,Online,Sports,Fitness Tracker,3,56.08,27,0,168.24,81,87.24,4.9,No
ORD-00917,2025-10-07,2025-10,CUS-0003,North East,Marketplace,Beauty,Skin Care Set,5,44.75,18,0.1,201.38,90,111.38,3.3,No
ORD-01592,2025-10-07,2025-10,CUS-0156,South East,Store,Fashion,Winter Jacket,2,92.36,46,0.05,175.48,92,83.48,3.3,No
ORD-00081,2025-10-08,2025-10,CUS-0204,Midlands,Store,Home,Desk Lamp,2,33.98,17,0.1,61.16,34,27.16,3.6,No
ORD-01220,2025-10-09,2025-10,CUS-0145,North East,Store,Electronics,Bluetooth Speaker,2,66.63,34,0.1,119.93,68,51.93,3.4,No
ORD-01395,2025-10-09,2025-10,CUS-0521,London,Marketplace,Beauty,Skin Care Set,4,45.1,18,0,180.4,72,108.4,4.3,No
ORD-01619,2025-10-09,2025-10,CUS-0116,North West,Online,Beauty,Skin Care Set,3,43.82,18,0.1,118.31,54,64.31,5,No
ORD-00047,2025-10-10,2025-10,CUS-0525,North East,Online,Electronics,Wireless Headphones,2,87.95,48,0,175.9,96,79.9,4.9,No
ORD-00544,2025-10-11,2025-10,CUS-0204,North West,Marketplace,Books,Data Analytics Handbook,3,38.56,14,0.1,104.11,42,62.11,4.9,No
ORD-01403,2025-10-11,2025-10,CUS-0464,North East,Marketplace,Home,Coffee Maker,1,77.36,41,0,77.36,41,36.36,3.9,Yes
ORD-00036,2025-10-11,2025-10,CUS-0416,Midlands,Online,Home,Desk Lamp,2,36.59,17,0.2,58.54,34,24.54,3.4,No
ORD-01784,2025-10-11,2025-10,CUS-0222,North West,Online,Fashion,Backpack,3,50.46,21,0,151.38,63,88.38,3.7,No
ORD-01543,2025-10-12,2025-10,CUS-0264,South West,Store,Fashion,Backpack,2,47.76,21,0.15,81.19,42,39.19,4.7,No
ORD-00166,2025-10-12,2025-10,CUS-0574,Wales,Online,Books,Data Analytics Handbook,4,39.38,14,0,157.52,56,101.52,3.4,No
ORD-00347,2025-10-12,2025-10,CUS-0003,South East,Online,Fashion,Backpack,4,49.1,21,0.2,157.12,84,73.12,4.7,No
ORD-01426,2025-10-12,2025-10,CUS-0546,South East,Store,Home,Air Fryer,3,117.79,69,0,353.37,207,146.37,4,No
ORD-00085,2025-10-14,2025-10,CUS-0338,North East,Marketplace,Beauty,Skin Care Set,2,46.65,18,0,93.3,36,57.3,4.8,No
ORD-00402,2025-10-14,2025-10,CUS-0176,Midlands,Marketplace,Beauty,Skin Care Set,5,46.85,18,0.05,222.54,90,132.54,4.4,No
ORD-01542,2025-10-14,2025-10,CUS-0201,South West,Marketplace,Home,Desk Lamp,5,33.38,17,0,166.9,85,81.9,4.4,No
ORD-01335,2025-10-14,2025-10,CUS-0540,South West,Marketplace,Beauty,Skin Care Set,5,43.76,18,0.15,185.98,90,95.98,5,No
ORD-00471,2025-10-15,2025-10,CUS-0025,South West,Store,Electronics,Smart Watch,3,167.58,92,0,502.74,276,226.74,3.8,No
ORD-00862,2025-10-15,2025-10,CUS-0077,Wales,Online,Home,Coffee Maker,3,78.56,41,0.05,223.9,123,100.9,4.1,No
ORD-01198,2025-10-15,2025-10,CUS-0563,Midlands,Online,Sports,Fitness Tracker,1,54.02,27,0,54.02,27,27.02,3.6,No
ORD-00049,2025-10-15,2025-10,CUS-0594,South East,Store,Electronics,Bluetooth Speaker,5,67.93,34,0.1,305.69,170,135.69,4.9,No
ORD-00323,2025-10-15,2025-10,CUS-0138,London,Online,Electronics,Smart Watch,5,167.95,92,0,839.75,460,379.75,5,No
ORD-00200,2025-10-15,2025-10,CUS-0493,South East,Online,Beauty,Skin Care Set,1,44.34,18,0.05,42.12,18,24.12,4.1,No
ORD-00761,2025-10-15,2025-10,CUS-0578,Midlands,Store,Sports,Running Shoes,3,78.79,38,0,236.37,114,122.37,3.8,No
ORD-00416,2025-10-16,2025-10,CUS-0042,London,Store,Fashion,Classic Trainers,2,70.12,32,0.2,112.19,64,48.19,4.2,No
ORD-01214,2025-10-16,2025-10,CUS-0443,Scotland,Online,Sports,Running Shoes,1,80.19,38,0,80.19,38,42.19,3.6,No
ORD-01120,2025-10-17,2025-10,CUS-0347,South West,Store,Fashion,Backpack,5,48.24,21,0.1,217.08,105,112.08,3.6,No
ORD-01280,2025-10-17,2025-10,CUS-0153,Wales,Store,Electronics,Wireless Headphones,2,91.86,48,0,183.72,96,87.72,4.3,Yes
ORD-00174,2025-10-17,2025-10,CUS-0314,North East,Online,Electronics,Wireless Headphones,2,85.88,48,0,171.76,96,75.76,5,No
ORD-01610,2025-10-17,2025-10,CUS-0243,London,Online,Fashion,Classic Trainers,1,67.13,32,0.2,53.7,32,21.7,3.5,No
ORD-01437,2025-10-18,2025-10,CUS-0122,South West,Online,Sports,Fitness Tracker,1,54.57,27,0,54.57,27,27.57,3.9,No
ORD-01401,2025-10-18,2025-10,CUS-0436,North West,Store,Beauty,Hair Dryer,1,62.75,29,0,62.75,29,33.75,3.9,No
ORD-00056,2025-10-18,2025-10,CUS-0572,Wales,Store,Fashion,Winter Jacket,2,93.1,46,0,186.2,92,94.2,4.4,No
ORD-00938,2025-10-19,2025-10,CUS-0118,North West,Store,Fashion,Backpack,5,52.15,21,0,260.75,105,155.75,4.5,No
ORD-01086,2025-10-19,2025-10,CUS-0411,South East,Store,Fashion,Winter Jacket,5,92.93,46,0.05,441.42,230,211.42,3.7,No
ORD-00782,2025-10-19,2025-10,CUS-0496,Wales,Online,Sports,Fitness Tracker,5,54.94,27,0.05,260.96,135,125.96,4.2,No
ORD-01687,2025-10-19,2025-10,CUS-0372,Scotland,Marketplace,Beauty,Skin Care Set,5,45.12,18,0,225.6,90,135.6,4.9,No
ORD-00741,2025-10-19,2025-10,CUS-0322,North West,Marketplace,Home,Air Fryer,4,121.89,69,0.1,438.8,276,162.8,4.6,No
ORD-01132,2025-10-20,2025-10,CUS-0147,North West,Marketplace,Beauty,Skin Care Set,2,43.96,18,0.05,83.52,36,47.52,4.4,No
ORD-01630,2025-10-20,2025-10,CUS-0361,North East,Store,Fashion,Classic Trainers,5,70.95,32,0,354.75,160,194.75,5,No
ORD-00321,2025-10-20,2025-10,CUS-0011,Scotland,Store,Fashion,Winter Jacket,1,97.83,46,0,97.83,46,51.83,4.9,No
ORD-01373,2025-10-21,2025-10,CUS-0174,Scotland,Marketplace,Fashion,Classic Trainers,3,72.95,32,0.1,196.97,96,100.97,4.1,No
ORD-01507,2025-10-21,2025-10,CUS-0466,South East,Store,Electronics,Wireless Headphones,5,87.8,48,0.1,395.1,240,155.1,4,No
ORD-00382,2025-10-22,2025-10,CUS-0052,South West,Online,Electronics,Smart Watch,5,153.86,92,0.2,615.44,460,155.44,5,No
ORD-00974,2025-10-22,2025-10,CUS-0382,London,Online,Beauty,Skin Care Set,1,45.69,18,0,45.69,18,27.69,4.4,No
ORD-01556,2025-10-22,2025-10,CUS-0325,Scotland,Online,Beauty,Skin Care Set,1,44.44,18,0.15,37.77,18,19.77,4.2,No
ORD-01055,2025-10-22,2025-10,CUS-0373,Midlands,Online,Sports,Fitness Tracker,5,52.49,27,0.05,249.33,135,114.33,4.6,No
ORD-00573,2025-10-23,2025-10,CUS-0530,Scotland,Store,Home,Coffee Maker,1,76.55,41,0.1,68.9,41,27.9,4.4,No
ORD-00502,2025-10-23,2025-10,CUS-0266,North East,Marketplace,Electronics,Bluetooth Speaker,3,65.64,34,0,196.92,102,94.92,4,No
ORD-00009,2025-10-23,2025-10,CUS-0433,South West,Online,Electronics,Bluetooth Speaker,4,67.04,34,0,268.16,136,132.16,3.5,No
ORD-01290,2025-10-24,2025-10,CUS-0359,Midlands,Store,Sports,Fitness Tracker,1,56.63,27,0,56.63,27,29.63,4.1,No
ORD-00336,2025-10-25,2025-10,CUS-0351,Scotland,Store,Fashion,Backpack,3,48.72,21,0.15,124.24,63,61.24,3.7,No
ORD-01292,2025-10-25,2025-10,CUS-0260,North West,Store,Electronics,Bluetooth Speaker,1,68.06,34,0.1,61.25,34,27.25,4.9,No
ORD-00292,2025-10-25,2025-10,CUS-0536,Scotland,Marketplace,Electronics,Wireless Headphones,1,88.34,48,0.05,83.92,48,35.92,3.9,No
ORD-00293,2025-10-26,2025-10,CUS-0428,Wales,Store,Electronics,Wireless Headphones,3,93.51,48,0.05,266.5,144,122.5,4.4,Yes
ORD-01621,2025-10-27,2025-10,CUS-0613,Wales,Store,Beauty,Hair Dryer,1,61.33,29,0.2,49.06,29,20.06,5,No
ORD-00602,2025-10-27,2025-10,CUS-0370,North West,Marketplace,Electronics,Smart Watch,3,158.08,92,0,474.24,276,198.24,4.8,No
ORD-01078,2025-10-27,2025-10,CUS-0433,North East,Online,Books,Business Intelligence Guide,2,33.49,12,0.2,53.58,24,29.58,4.2,No
ORD-00468,2025-10-27,2025-10,CUS-0075,Wales,Marketplace,Sports,Yoga Mat,4,30.27,12,0.15,102.92,48,54.92,4,No
ORD-00611,2025-10-27,2025-10,CUS-0551,South East,Online,Fashion,Classic Trainers,3,71.16,32,0.15,181.46,96,85.46,4.4,Yes
ORD-00260,2025-10-27,2025-10,CUS-0030,South East,Marketplace,Fashion,Winter Jacket,3,91.18,46,0.05,259.86,138,121.86,3.6,No
ORD-01640,2025-10-28,2025-10,CUS-0591,North West,Store,Home,Desk Lamp,5,33.46,17,0.1,150.57,85,65.57,3.7,No
ORD-00728,2025-10-28,2025-10,CUS-0473,South East,Store,Home,Air Fryer,2,125.07,69,0.05,237.63,138,99.63,4.8,Yes
ORD-00992,2025-10-28,2025-10,CUS-0570,Midlands,Online,Fashion,Classic Trainers,4,66.72,32,0.15,226.85,128,98.85,4.8,No
ORD-01554,2025-10-29,2025-10,CUS-0489,Scotland,Online,Books,Data Analytics Handbook,3,39.34,14,0,118.02,42,76.02,3.7,No
ORD-01050,2025-10-30,2025-10,CUS-0054,Scotland,Marketplace,Electronics,Bluetooth Speaker,4,66.74,34,0,266.96,136,130.96,5,No
ORD-00104,2025-10-31,2025-10,CUS-0169,North West,Online,Home,Desk Lamp,5,36.09,17,0,180.45,85,95.45,5,No
ORD-01185,2025-10-31,2025-10,CUS-0406,South West,Online,Books,Business Intelligence Guide,3,36.38,12,0.15,92.77,36,56.77,3.5,No
ORD-00283,2025-11-01,2025-11,CUS-0054,Scotland,Store,Books,Business Intelligence Guide,3,34.86,12,0,104.58,36,68.58,4.1,Yes
ORD-01695,2025-11-02,2025-11,CUS-0599,South West,Store,Books,Business Intelligence Guide,3,34.56,12,0.2,82.94,36,46.94,3.5,Yes
ORD-01434,2025-11-02,2025-11,CUS-0106,Wales,Online,Sports,Fitness Tracker,5,55.95,27,0.15,237.79,135,102.79,5,No
ORD-01738,2025-11-02,2025-11,CUS-0122,South East,Marketplace,Sports,Yoga Mat,2,29.02,12,0.05,55.14,24,31.14,4.3,No
ORD-00515,2025-11-03,2025-11,CUS-0505,North West,Online,Sports,Yoga Mat,3,30.77,12,0.2,73.85,36,37.85,3.8,No
ORD-01204,2025-11-04,2025-11,CUS-0522,South West,Online,Home,Desk Lamp,5,34.53,17,0,172.65,85,87.65,4.6,No
ORD-01742,2025-11-04,2025-11,CUS-0394,North East,Store,Sports,Running Shoes,2,82.77,38,0.05,157.26,76,81.26,3.8,No
ORD-00096,2025-11-04,2025-11,CUS-0271,South West,Marketplace,Books,Data Analytics Handbook,1,41.61,14,0,41.61,14,27.61,4,No
ORD-01003,2025-11-04,2025-11,CUS-0259,North East,Online,Books,Business Intelligence Guide,1,36.7,12,0.15,31.2,12,19.2,4.1,No
ORD-01622,2025-11-05,2025-11,CUS-0151,Midlands,Store,Beauty,Hair Dryer,1,58.09,29,0,58.09,29,29.09,3.8,No
ORD-00154,2025-11-05,2025-11,CUS-0370,Wales,Store,Home,Air Fryer,1,120.76,69,0.1,108.68,69,39.68,5,No
ORD-01301,2025-11-05,2025-11,CUS-0138,North West,Store,Home,Desk Lamp,4,35.56,17,0,142.24,68,74.24,4.1,No
ORD-00128,2025-11-06,2025-11,CUS-0100,North West,Store,Fashion,Classic Trainers,5,73.21,32,0.1,329.45,160,169.45,4.4,No
ORD-00367,2025-11-06,2025-11,CUS-0352,South East,Marketplace,Books,Data Analytics Handbook,3,38.69,14,0.05,110.27,42,68.27,4.8,No
ORD-00605,2025-11-06,2025-11,CUS-0548,North East,Store,Fashion,Backpack,3,47.71,21,0.05,135.97,63,72.97,4.6,No
ORD-01747,2025-11-07,2025-11,CUS-0141,Scotland,Store,Home,Air Fryer,2,120.33,69,0.15,204.56,138,66.56,3.3,No
ORD-01121,2025-11-07,2025-11,CUS-0415,Wales,Marketplace,Home,Coffee Maker,3,76.53,41,0.15,195.15,123,72.15,4.5,Yes
ORD-01173,2025-11-07,2025-11,CUS-0099,South East,Online,Fashion,Backpack,4,47.53,21,0.2,152.1,84,68.1,4.2,No
ORD-01260,2025-11-07,2025-11,CUS-0397,South East,Online,Beauty,Hair Dryer,5,60.25,29,0.15,256.06,145,111.06,3.5,No
ORD-00708,2025-11-08,2025-11,CUS-0467,South West,Marketplace,Sports,Fitness Tracker,4,57.73,27,0.2,184.74,108,76.74,4.2,No
ORD-01763,2025-11-09,2025-11,CUS-0427,Wales,Store,Beauty,Hair Dryer,1,60.66,29,0.15,51.56,29,22.56,4.5,No
ORD-00339,2025-11-11,2025-11,CUS-0017,South East,Store,Beauty,Skin Care Set,4,44.31,18,0.15,150.65,72,78.65,4.2,No
ORD-00388,2025-11-12,2025-11,CUS-0141,South West,Store,Home,Air Fryer,5,115.75,69,0,578.75,345,233.75,4.6,No
ORD-00158,2025-11-12,2025-11,CUS-0479,South East,Online,Fashion,Classic Trainers,3,70.85,32,0,212.55,96,116.55,5,No
ORD-01581,2025-11-12,2025-11,CUS-0437,South East,Marketplace,Electronics,Bluetooth Speaker,3,66.76,34,0,200.28,102,98.28,4.4,No
ORD-01091,2025-11-13,2025-11,CUS-0509,Wales,Store,Electronics,Smart Watch,1,162.57,92,0.15,138.18,92,46.18,3.6,No
ORD-01045,2025-11-13,2025-11,CUS-0325,Midlands,Store,Fashion,Classic Trainers,2,73.18,32,0.1,131.72,64,67.72,4.5,No
ORD-00364,2025-11-13,2025-11,CUS-0439,Wales,Store,Home,Coffee Maker,3,74.17,41,0.05,211.38,123,88.38,3.2,No
ORD-01324,2025-11-13,2025-11,CUS-0206,North East,Online,Books,Data Analytics Handbook,2,38.12,14,0.15,64.8,28,36.8,5,No
ORD-01298,2025-11-14,2025-11,CUS-0549,Midlands,Store,Electronics,Wireless Headphones,1,93.65,48,0.05,88.97,48,40.97,4.2,No
ORD-01233,2025-11-14,2025-11,CUS-0106,Scotland,Marketplace,Home,Coffee Maker,2,74.45,41,0.05,141.46,82,59.46,3.4,No
ORD-00986,2025-11-14,2025-11,CUS-0342,South West,Marketplace,Home,Desk Lamp,3,35.22,17,0,105.66,51,54.66,3.7,No
ORD-01311,2025-11-14,2025-11,CUS-0098,South East,Store,Electronics,Bluetooth Speaker,1,65.14,34,0.2,52.11,34,18.11,4.8,No
ORD-00607,2025-11-14,2025-11,CUS-0330,Scotland,Store,Books,Data Analytics Handbook,4,40.35,14,0.2,129.12,56,73.12,4.6,No
ORD-00144,2025-11-15,2025-11,CUS-0010,Scotland,Marketplace,Home,Air Fryer,3,121.19,69,0.15,309.03,207,102.03,4.2,No
ORD-00781,2025-11-16,2025-11,CUS-0396,South East,Online,Sports,Yoga Mat,5,29.34,12,0.2,117.36,60,57.36,4.3,Yes
ORD-00606,2025-11-16,2025-11,CUS-0608,North East,Online,Electronics,Wireless Headphones,4,87.62,48,0.15,297.91,192,105.91,5,No
ORD-00608,2025-11-16,2025-11,CUS-0486,South West,Online,Sports,Running Shoes,5,82.63,38,0,413.15,190,223.15,4.1,No
ORD-00044,2025-11-17,2025-11,CUS-0569,North East,Marketplace,Sports,Yoga Mat,1,29.11,12,0.15,24.74,12,12.74,5,No
ORD-00754,2025-11-17,2025-11,CUS-0049,North West,Store,Books,Business Intelligence Guide,4,35.62,12,0.05,135.36,48,87.36,4.3,No
ORD-00632,2025-11-17,2025-11,CUS-0561,London,Store,Sports,Yoga Mat,4,29.96,12,0,119.84,48,71.84,4.1,No
ORD-00365,2025-11-17,2025-11,CUS-0237,London,Marketplace,Sports,Yoga Mat,2,30.28,12,0,60.56,24,36.56,4.7,No
ORD-00161,2025-11-18,2025-11,CUS-0171,London,Marketplace,Books,Data Analytics Handbook,4,41.79,14,0.15,142.09,56,86.09,3.9,No
ORD-00850,2025-11-18,2025-11,CUS-0350,North East,Online,Books,Business Intelligence Guide,1,35.58,12,0,35.58,12,23.58,3.6,No
ORD-00129,2025-11-18,2025-11,CUS-0528,North East,Online,Books,Business Intelligence Guide,3,34.42,12,0,103.26,36,67.26,4.9,No
ORD-01696,2025-11-18,2025-11,CUS-0614,London,Store,Beauty,Skin Care Set,5,43.38,18,0.05,206.06,90,116.06,3.3,No
ORD-00587,2025-11-19,2025-11,CUS-0214,North West,Marketplace,Sports,Fitness Tracker,2,57.29,27,0.15,97.39,54,43.39,3.7,No
ORD-00576,2025-11-20,2025-11,CUS-0283,South West,Store,Electronics,Smart Watch,5,163.61,92,0.2,654.44,460,194.44,4.7,No
ORD-01197,2025-11-20,2025-11,CUS-0114,North East,Store,Fashion,Winter Jacket,2,90.69,46,0.15,154.17,92,62.17,3.7,No
ORD-00080,2025-11-21,2025-11,CUS-0225,South East,Marketplace,Sports,Yoga Mat,4,30,12,0,120,48,72,4.9,No
ORD-01092,2025-11-21,2025-11,CUS-0066,Wales,Marketplace,Electronics,Bluetooth Speaker,1,67.58,34,0.05,64.2,34,30.2,3.4,No
ORD-00905,2025-11-22,2025-11,CUS-0411,London,Online,Books,Data Analytics Handbook,3,39.6,14,0.1,106.92,42,64.92,4.9,No
ORD-01658,2025-11-23,2025-11,CUS-0400,Scotland,Online,Fashion,Winter Jacket,3,91.7,46,0.1,247.59,138,109.59,4.3,No
ORD-00983,2025-11-23,2025-11,CUS-0442,South West,Store,Sports,Yoga Mat,4,31.22,12,0.1,112.39,48,64.39,4.3,Yes
ORD-01129,2025-11-25,2025-11,CUS-0332,South East,Store,Beauty,Skin Care Set,1,44.15,18,0,44.15,18,26.15,3.6,No
ORD-01598,2025-11-26,2025-11,CUS-0021,Midlands,Store,Fashion,Winter Jacket,4,96.34,46,0.2,308.29,184,124.29,3.3,No
ORD-00539,2025-11-26,2025-11,CUS-0612,Scotland,Marketplace,Sports,Yoga Mat,4,28.51,12,0,114.04,48,66.04,3.8,No
ORD-00918,2025-11-26,2025-11,CUS-0264,Wales,Store,Electronics,Wireless Headphones,3,88.1,48,0.1,237.87,144,93.87,4.1,No
ORD-00275,2025-11-26,2025-11,CUS-0158,London,Store,Fashion,Backpack,2,51.26,21,0.2,82.02,42,40.02,4.1,No
ORD-00626,2025-11-28,2025-11,CUS-0326,Wales,Marketplace,Sports,Fitness Tracker,4,53.29,27,0,213.16,108,105.16,3.6,No
ORD-00745,2025-11-28,2025-11,CUS-0488,Wales,Store,Electronics,Smart Watch,3,153.11,92,0.15,390.43,276,114.43,5,Yes
ORD-01036,2025-11-28,2025-11,CUS-0159,North East,Online,Beauty,Skin Care Set,1,45.1,18,0.15,38.34,18,20.34,3.8,No
ORD-01387,2025-11-29,2025-11,CUS-0337,South West,Online,Books,Data Analytics Handbook,4,41.67,14,0,166.68,56,110.68,4.2,Yes
ORD-00124,2025-11-29,2025-11,CUS-0069,North East,Marketplace,Fashion,Winter Jacket,5,95.65,46,0,478.25,230,248.25,4,No
ORD-00002,2025-11-30,2025-11,CUS-0337,North East,Store,Sports,Fitness Tracker,3,57.43,27,0,172.29,81,91.29,5,No
ORD-00053,2025-11-30,2025-11,CUS-0530,North West,Store,Sports,Fitness Tracker,1,54.32,27,0,54.32,27,27.32,3.7,No
ORD-00976,2025-11-30,2025-11,CUS-0069,Midlands,Online,Fashion,Winter Jacket,4,97.9,46,0,391.6,184,207.6,4.3,No
ORD-00005,2025-12-01,2025-12,CUS-0072,North West,Marketplace,Home,Coffee Maker,5,72.75,41,0.05,345.56,205,140.56,4.8,Yes
ORD-00325,2025-12-01,2025-12,CUS-0034,North West,Store,Fashion,Classic Trainers,4,70.66,32,0,282.64,128,154.64,3.5,Yes
ORD-01443,2025-12-02,2025-12,CUS-0081,London,Online,Sports,Running Shoes,3,83.39,38,0.15,212.64,114,98.64,4.4,No
ORD-01313,2025-12-03,2025-12,CUS-0025,London,Store,Electronics,Wireless Headphones,4,91.61,48,0,366.44,192,174.44,4.7,No
ORD-00552,2025-12-04,2025-12,CUS-0179,London,Online,Home,Air Fryer,2,116,69,0,232,138,94,3.6,No
ORD-01156,2025-12-04,2025-12,CUS-0238,South East,Store,Fashion,Backpack,3,51.66,21,0.1,139.48,63,76.48,4.5,Yes
ORD-01281,2025-12-04,2025-12,CUS-0008,Midlands,Online,Fashion,Classic Trainers,3,72.47,32,0.2,173.93,96,77.93,3.7,No
ORD-01743,2025-12-05,2025-12,CUS-0543,South East,Marketplace,Sports,Fitness Tracker,1,57.63,27,0.2,46.1,27,19.1,4.1,No
ORD-01353,2025-12-06,2025-12,CUS-0336,Midlands,Online,Beauty,Skin Care Set,4,44.16,18,0.1,158.98,72,86.98,3.5,No
ORD-01183,2025-12-06,2025-12,CUS-0263,Scotland,Store,Home,Desk Lamp,2,33.65,17,0,67.3,34,33.3,3.6,Yes
ORD-00952,2025-12-07,2025-12,CUS-0177,Midlands,Marketplace,Fashion,Backpack,4,51.1,21,0.2,163.52,84,79.52,4.1,No
ORD-00231,2025-12-07,2025-12,CUS-0275,North West,Marketplace,Books,Data Analytics Handbook,4,39.81,14,0.2,127.39,56,71.39,4.7,No
ORD-01699,2025-12-08,2025-12,CUS-0254,North West,Marketplace,Beauty,Skin Care Set,5,44.1,18,0,220.5,90,130.5,4.1,Yes
ORD-01495,2025-12-08,2025-12,CUS-0113,South West,Store,Beauty,Hair Dryer,2,60.83,29,0,121.66,58,63.66,4.5,No
ORD-00635,2025-12-08,2025-12,CUS-0178,North West,Marketplace,Home,Air Fryer,2,114.34,69,0.1,205.81,138,67.81,3.8,No
ORD-01710,2025-12-09,2025-12,CUS-0512,Scotland,Marketplace,Sports,Yoga Mat,4,29.53,12,0,118.12,48,70.12,4.3,No
ORD-00801,2025-12-10,2025-12,CUS-0149,Midlands,Marketplace,Sports,Running Shoes,5,79.16,38,0,395.8,190,205.8,4.6,No
ORD-00326,2025-12-10,2025-12,CUS-0330,Midlands,Marketplace,Beauty,Skin Care Set,3,46.43,18,0,139.29,54,85.29,5,No
ORD-00706,2025-12-11,2025-12,CUS-0244,South East,Store,Fashion,Backpack,5,49.93,21,0,249.65,105,144.65,5,No
ORD-01642,2025-12-11,2025-12,CUS-0485,South West,Marketplace,Sports,Fitness Tracker,3,52.87,27,0.1,142.75,81,61.75,4.1,No
ORD-00048,2025-12-11,2025-12,CUS-0010,Scotland,Online,Electronics,Wireless Headphones,2,87.66,48,0.05,166.55,96,70.55,3.7,Yes
ORD-01212,2025-12-11,2025-12,CUS-0077,North East,Online,Sports,Fitness Tracker,3,56.61,27,0.2,135.86,81,54.86,4.4,Yes
ORD-01278,2025-12-11,2025-12,CUS-0308,South West,Marketplace,Electronics,Wireless Headphones,2,94.44,48,0,188.88,96,92.88,4.7,No
ORD-01017,2025-12-12,2025-12,CUS-0031,North East,Marketplace,Sports,Running Shoes,1,79.84,38,0.2,63.87,38,25.87,4.4,No
ORD-00709,2025-12-13,2025-12,CUS-0499,South West,Marketplace,Books,Business Intelligence Guide,1,33.91,12,0,33.91,12,21.91,4.1,No
ORD-00487,2025-12-14,2025-12,CUS-0338,Scotland,Marketplace,Electronics,Wireless Headphones,1,94.06,48,0.15,79.95,48,31.95,4,No
ORD-00255,2025-12-15,2025-12,CUS-0048,Midlands,Online,Fashion,Backpack,5,49.75,21,0,248.75,105,143.75,4,No
ORD-01042,2025-12-15,2025-12,CUS-0242,London,Marketplace,Home,Desk Lamp,1,35.59,17,0.2,28.47,17,11.47,3.5,Yes
ORD-00331,2025-12-15,2025-12,CUS-0114,Midlands,Online,Electronics,Wireless Headphones,1,92.85,48,0.2,74.28,48,26.28,4.4,No
ORD-00508,2025-12-15,2025-12,CUS-0159,South East,Marketplace,Fashion,Winter Jacket,4,96.41,46,0.15,327.79,184,143.79,4.7,No
ORD-00996,2025-12-16,2025-12,CUS-0343,London,Online,Home,Coffee Maker,2,77.26,41,0.15,131.34,82,49.34,3.9,No
ORD-00580,2025-12-17,2025-12,CUS-0168,North West,Online,Sports,Running Shoes,5,79,38,0.2,316,190,126,3.9,No
ORD-00779,2025-12-17,2025-12,CUS-0385,Scotland,Store,Sports,Yoga Mat,3,29.2,12,0,87.6,36,51.6,4.2,No
ORD-00994,2025-12-19,2025-12,CUS-0448,North West,Store,Home,Air Fryer,3,119.7,69,0.2,287.28,207,80.28,5,No
ORD-00939,2025-12-19,2025-12,CUS-0146,South East,Online,Beauty,Hair Dryer,1,59.55,29,0,59.55,29,30.55,5,Yes
ORD-01576,2025-12-19,2025-12,CUS-0302,Scotland,Marketplace,Home,Air Fryer,4,123.37,69,0,493.48,276,217.48,3.4,Yes
ORD-01399,2025-12-19,2025-12,CUS-0557,Midlands,Marketplace,Fashion,Backpack,3,50.03,21,0,150.09,63,87.09,4.1,No
ORD-00657,2025-12-19,2025-12,CUS-0147,North West,Online,Fashion,Winter Jacket,4,99.67,46,0,398.68,184,214.68,3.8,No
ORD-00074,2025-12-20,2025-12,CUS-0103,London,Store,Fashion,Backpack,1,52.33,21,0,52.33,21,31.33,3.3,No
ORD-00795,2025-12-20,2025-12,CUS-0389,Scotland,Marketplace,Beauty,Hair Dryer,3,57.79,29,0,173.37,87,86.37,4.3,No
ORD-00012,2025-12-20,2025-12,CUS-0373,Midlands,Marketplace,Electronics,Wireless Headphones,1,89.65,48,0.15,76.2,48,28.2,3.6,No
ORD-00810,2025-12-20,2025-12,CUS-0305,London,Marketplace,Sports,Fitness Tracker,3,55.99,27,0,167.97,81,86.97,3.6,No
ORD-00985,2025-12-20,2025-12,CUS-0484,Scotland,Online,Fashion,Winter Jacket,4,91.11,46,0.05,346.22,184,162.22,4.3,No
ORD-00278,2025-12-21,2025-12,CUS-0573,London,Marketplace,Sports,Running Shoes,3,76.94,38,0.05,219.28,114,105.28,4.1,No
ORD-00689,2025-12-21,2025-12,CUS-0263,North West,Marketplace,Sports,Running Shoes,5,78.99,38,0.15,335.71,190,145.71,3.3,No
ORD-01101,2025-12-21,2025-12,CUS-0552,Midlands,Online,Electronics,Wireless Headphones,3,90.45,48,0.15,230.65,144,86.65,3.4,Yes
ORD-01774,2025-12-22,2025-12,CUS-0064,South East,Store,Beauty,Hair Dryer,5,62.4,29,0.2,249.6,145,104.6,3.2,No
ORD-00901,2025-12-22,2025-12,CUS-0178,North West,Store,Beauty,Hair Dryer,2,59.81,29,0.15,101.68,58,43.68,4.8,No
ORD-01704,2025-12-22,2025-12,CUS-0389,North East,Online,Sports,Running Shoes,1,79.13,38,0,79.13,38,41.13,4.8,No
ORD-01429,2025-12-22,2025-12,CUS-0015,South West,Online,Fashion,Winter Jacket,4,99.57,46,0,398.28,184,214.28,3.7,No
ORD-01537,2025-12-23,2025-12,CUS-0006,Scotland,Store,Sports,Running Shoes,5,78.18,38,0,390.9,190,200.9,4.3,No
ORD-01172,2025-12-23,2025-12,CUS-0354,South West,Store,Fashion,Backpack,3,47.5,21,0,142.5,63,79.5,4.9,No
ORD-01586,2025-12-23,2025-12,CUS-0482,London,Store,Home,Coffee Maker,3,78.66,41,0,235.98,123,112.98,5,No
ORD-00859,2025-12-23,2025-12,CUS-0044,South East,Online,Sports,Running Shoes,2,82.5,38,0.1,148.5,76,72.5,3.3,No
ORD-00335,2025-12-24,2025-12,CUS-0493,South West,Store,Beauty,Skin Care Set,4,43.01,18,0,172.04,72,100.04,4.1,Yes
ORD-00266,2025-12-24,2025-12,CUS-0432,South West,Store,Electronics,Wireless Headphones,1,88.5,48,0.2,70.8,48,22.8,4.4,No
ORD-01338,2025-12-26,2025-12,CUS-0069,North East,Store,Sports,Running Shoes,3,78.26,38,0.1,211.3,114,97.3,3.3,No
ORD-00773,2025-12-26,2025-12,CUS-0127,North East,Marketplace,Sports,Yoga Mat,1,29.41,12,0.2,23.53,12,11.53,5,No
ORD-01793,2025-12-26,2025-12,CUS-0479,Wales,Online,Fashion,Classic Trainers,4,69.58,32,0.1,250.49,128,122.49,4.2,No
ORD-01591,2025-12-27,2025-12,CUS-0573,South West,Marketplace,Sports,Running Shoes,5,76.13,38,0,380.65,190,190.65,3.4,No
ORD-00155,2025-12-27,2025-12,CUS-0392,South East,Marketplace,Home,Coffee Maker,4,71.26,41,0.2,228.03,164,64.03,3.5,No
ORD-01475,2025-12-28,2025-12,CUS-0557,London,Marketplace,Fashion,Winter Jacket,4,99.44,46,0.05,377.87,184,193.87,4.7,No
ORD-00736,2025-12-28,2025-12,CUS-0213,Midlands,Online,Sports,Running Shoes,4,79.47,38,0.2,254.3,152,102.3,4.7,No
ORD-01109,2025-12-28,2025-12,CUS-0307,South West,Online,Home,Coffee Maker,2,73.38,41,0.1,132.08,82,50.08,4.7,No
ORD-00566,2025-12-28,2025-12,CUS-0056,Wales,Store,Fashion,Winter Jacket,1,96.32,46,0.2,77.06,46,31.06,4.2,No
ORD-00579,2025-12-29,2025-12,CUS-0181,North East,Marketplace,Sports,Running Shoes,4,77.13,38,0,308.52,152,156.52,3.5,No
ORD-00987,2025-12-29,2025-12,CUS-0601,Wales,Marketplace,Books,Data Analytics Handbook,4,38.13,14,0.2,122.02,56,66.02,3.5,No
ORD-00401,2025-12-29,2025-12,CUS-0548,Wales,Online,Electronics,Wireless Headphones,2,87.67,48,0,175.34,96,79.34,4.1,No
ORD-00593,2025-12-30,2025-12,CUS-0268,South East,Marketplace,Books,Business Intelligence Guide,4,34.8,12,0,139.2,48,91.2,3.6,No
ORD-00216,2025-12-30,2025-12,CUS-0201,North West,Marketplace,Books,Business Intelligence Guide,3,35.39,12,0.15,90.24,36,54.24,4.1,No
ORD-01160,2025-12-30,2025-12,CUS-0591,South West,Store,Sports,Running Shoes,3,81.89,38,0,245.67,114,131.67,3.7,No
ORD-01461,2025-12-30,2025-12,CUS-0016,Scotland,Store,Books,Data Analytics Handbook,2,41.68,14,0.05,79.19,28,51.19,3.9,No